customer_id,name,email,country,created_at
 1,Deeann Bingle,dbingle0@nature.com,China,16/5/2025
2,Cherise gronou,cgronou1tumblr,Brazil,24/5/2025
3, Wes Crew,wcrew2@ifeng.com,Indonesia,21/11/2025
4,Avis Rothermel,arothermel3@sfgate.com, Sweden,31/3/2026
5,filide     Wincott, fwincott4@samsung.com,Russia ,14/12/2026
6,Simona Flowers,sflowers5@unblog.fr,Uruguay,11/9/2026
7, Ofella Dunham,odunham6@foxnews.com,China,22/11/2025
,Arlin Parsonson,aparsonson7@weather.com,South Africa,12/1/2026
9,Gussie Nutton,gnutton8@economist.com,Indonesia,3/9/2026
10,boycey Millgate,bmillgate9@umich.edu,China,7/7/2026
11,,khabberghama@dot.gov,Germany,8/10/2026
12,Dill Dommersen,ddommersenb@foxnews,Japan,9/3/2026
,Cindie Aingell,caingellc@reverbnation.com,Sweden,17/1/2027
14,Colline Arnao,carnaod@rambler.ru,Luxembourg,27/9/2026
15,Berte McDugal,bmcdugale@cam.ac.uk,Philippines,27/1/2027
16,Terrell Middleweek,tmiddleweekf@comsenz.com,Vietnam,25/6/2026
17, Candis Eymor,ceymorg@hubpages.com, Portugal,29/6/2026
18,Atlanta Lefeaver,alefeaverh@free.fr,Colombia,11/11/2026
19,Tammy O'Dennehy,todennehyi@reverbnation.com,United States,9/5/2026
20,Kay Robinson,krobinsonj@printfriendly.com,France,8/6/2026
21,Geoff Acton,gactonk@hubpages.com,Norway,22/8/2026
22, Boyd Van Rembrandt,bvanl@desdev.cn,Ukraine,3/5/2025
,Dur McQuade,dmcquadem@imgur.com,Panama,12/12/2026
24,Zolly     Jore,,Thailand,8/9/2026
25,Liuka Oldroyde,loldroydeo@goo.gl ,Ecuador,29/9/2025
26,Alexa Beach,abeachp@biblegateway.com,Brazil,
27,Glynnis Philipeaux,gphilipeauxq@ebay.co.uk,Bulgaria,30/12/2026
28,Jane Browning,jbrowningrnbcnews.com,Mongolia,26/8/2025
29,Sheridan mcHarry,smcharrys@toplist.cz,France,2/3/2026
30,Thatch Jocic,tjocict@icq.com,Czech Republic,27/6/2025
31,Gabby Cottage,gcottageu@youku.com,Finland,18/6/2026
32,Anatole Richten,arichtenv@yolasite.com,Mongolia,27/10/2025
33,Davey Haller,dhallerw@youtu.be,Philippines,12/12/2025
34,Marti Wigley,mwigleyx@rambler.ru,China,9/3/2026
35,Briant Mouan,bmouany@istockphoto.com,Philippines,27/7/2025
36,Pablo Eddow,peddowz@usgs.gov,Philippines,10/5/2026
37,Adrianna Mapston,amapston10@stanford.edu,Indonesia,5/1/2026
38,Mureil Penner,mpenner11@ow.ly,Japan,17/6/2025
39,Lynnelle Milington,lmilington12@yellowbook.com,Slovenia,7/5/2025
40,Annabela Koles,akoles13@ihg.com,Philippines,6/7/2026
41,Jacquetta Wiz,jwiz14@mediafire.com,Brazil,27/8/2025
42,Cordie Feaver,cfeaver15@amazon.co.jp,Indonesia,16/6/2026
43,Bartlet Yakovliv,byakovliv16@t-online.de,China,23/9/2026
, Sharlene Danigel,sdanigel17@google.ca,Morocco,1/1/2026
45,Jeth Neiland,jneiland18@booking.com,Japan,2/2/2026
46,,ylampet19@intel.com,Czech Republic,31/12/2026
47,Tawsha Stratford,tstratford1a@mapquest.com,China,1/1/2027
48,Bertha Keeting,bkeeting1b@chron.com,Iraq,7/1/2026
49,barney Josephson,bjosephson1c@examiner.com,China,30/9/2026
138,Arny Koenraad,akoenraad3t@toplist.cz,Jordan,6/4/2026
50,Aryn Stain,astain1d@phpbb.com,Poland,29/1/2026
51,Yvette Froom,yfroom1e@hao123.com,Dominican Republic,12/2/2026
52,Millard Pennini,mpennini1f@last.fm,China,16/2/2026
53,Myrlene Poacher,mpoacher1g@wikimedia.org,Japan,17/12/2025
54,Sydel macGovern,smacgovern1h@g.co,China,29/1/2027
55,Ed Boumphrey,eboumphrey1i@washingtonpost.com,Mauritius,19/3/2026
56,Saundra Grishanin,sgrishanin1j@discuz.net,Portugal,7/1/2027
57,Reggi Bim,rbim1k@unblog.fr,Bulgaria,12/11/2026
58,Hallsy Peer,hpeer1l@wordpress.org,Nigeria,25/7/2026
59,Ax Kedward,akedward1m@economist.com,Russia,28/6/2026
60,Cyndi Spinella,cspinella1n@webmd.com,Greece,28/5/2025
61,Adela Sworder,asworder1ospotify.com,Brazil,7/8/2025
62,Gianna Neilson,gneilson1p@unicef.org,Indonesia,18/10/2026
63,Gustave Dyott,gdyott1q@hexun.com,China,9/1/2026
64,Donella MacAloren,dmacaloren1r@wikimedia.org,France,27/5/2025
65,Haskel Hallagan,hhallagan1s@twitter.com,Libya,17/3/2026
66,Damita Tal,dtal1t@ebay.com,Netherlands,21/5/2026
67,Hasty Sedgwick,hse@dgwick1u@earthlink.net,Indonesia,25/5/2026
68,Barnabas Pestricke,bpestricke1v@omniture.com,Ireland,10/10/2026
69,Renaldo Ezele,rezele1w@nasa.gov,China,4/5/2025
70,Essy Hawkeswood,ehawkeswood1x@jigsy.com,France,14/9/2025
71,Marten Goude,mgoude1y@purevolume.com,Uganda,10/11/2025
72,Jessie Bromilow,jbromilow1z@hubpages.com,Indonesia,17/8/2025
73,Gwen Chason,gchason20@hugedomains.com,Indonesia,2/10/2025
74,Constancy Hirtz,chirtz21@arstechnica.com,Iran,10/1/2027
75,Ginny Cusworth,gcusworth22@rediff.com,Portugal,6/9/2026
76,Erich Hasell,ehasell23@who,China,16/4/2026
77,Jonie Castana,jcastana24@zdnet.com,United States,4/5/2025
78,Stillman Langmaid,slangmaid25@instagram.com,China,11/3/2026
79,Duffie Itzkov,ditzkov26@time.com,Indonesia,15/6/2026
80,Bride Filipczynski,bfilipczynski27@springer.com,France,23/9/2026
81,Dianna  Rutland,drutland28@baidu.com,South Korea,21/4/2026
82,Arnaldo Pilgram,apilgram29@theguardian.com,Japan,6/3/2026
83,Estelle Wedmore,ewedmore2a@addthis.com,Russia,13/11/2026
84,Abigail Worssam,aworssam2b@webnode.com,China,22/8/2025
85,Jason Addison,jaddison2c@google.fr,Mexico,21/9/2026
86,Dore Barosch,dbarosch2d@free.fr,Bangladesh,14/3/2026
87,Hanson Sedgefield,hsedgefield2e@tmall.com,Paraguay,11/12/2026
88,Ralina McGrae,rmcgrae2f@pagesperso-orange.fr,Russia,4/9/2025
89,Whitaker Cuddon,wcuddon2g@joomla.org,Albania,20/11/2026
90,Giorgia Skiplorne,gskiplorne2h@shareasale.com,Indonesia,7/8/2026
91,Guinevere Glennie,,Bulgaria,5/7/2026
92,rodolph Cornehl,rcornehl2j@bluehost.com,China,3/5/2025
93,Tracey Mordie,tmordie2k@oracle.com,Philippines,20/5/2025
94,Daniele Sapey,dsapey2l@tumblr.com,Georgia,14/4/2026
95,Honor Rosnau,hrosnau2m@geocities.jp,China,19/5/2026
96,Jessee Marzella,jmarzella2n@altervista.org,Indonesia,7/11/2025
97,Kacie Soppett,ksoppett2o@buzzfeed.com,Brazil,16/1/2026
98,Grace Bru,gbru2p@rediff.com,Dominican Republic,20/5/2026
99,Rey Wateridge,rwateridge2q@accuweather.com,Sweden,9/8/2025
21,Geoff Acton,gactonk@hubpages.com,Norway,22/8/2026
22, Boyd Van Rembrandt,bvanl@desdev.cn,Ukraine,3/5/2025
,Dur McQuade,dmcquadem@imgur.com,Panama,12/12/2026
24,Zolly     Jore,,Thailand,8/9/2026
100,Baird Kavanagh,bkavanagh2r@ihg.com,Poland,9/1/2027
101,Trixy Curley,tcurley2s@chronoengine.com,Philippines,17/4/2026
102,Trixy Maccrae,NaN,Guatemala,29/5/2026
103,Tabatha Dillet,tdillet2u@japanpost.jp,China,2/11/2026
104,Shanta Noye,snoye2v@over-blog.com,Niger,29/8/2025
105,Kimberlee Garry,kgarry2w@360.cn,Iran,2/4/2026
106,Pavia Stoak,pstoak2x@imdb.com,Indonesia,9/5/2026
107,Molly Hinsche,mhinsche2y@dell.com,China,10/7/2025
108,Vicki Nucciotti,vnucciotti2z@fastcompany.com,Brazil,16/9/2026
109,Gustavus Stihl,gstihl30@digg.com,Philippines,1/11/2025
110,Ned Marzelle,nmarzelle31@businessweek.com,Japan,28/8/2025
111,Elberta Colgan,ecolgan32@rambler.ru,Thailand,17/9/2025
112,Deny Oakton,doakton33@stanford.edu,Canada,15/9/2025
113,Rosabella Diehn,rdiehn34@pen.io,Mexico,21/8/2025
114,Conchita Thrush,cthrush35@timesonline.co.uk,Indonesia,19/7/2026
115,Jamil Missington,jmissington36@symantec.com,Palestinian Territory,4/2/2026
116,Dionysus Hanssmann,dhanssmann37@latimes.com,China,30/7/2025
117,Nolly Labdon,nlabdon38@webmd.com,Finland,5/8/2026
118,Ferdinanda Benfell,fbenfell39@hostgator.com,Nepal,23/5/2025
119,Joseph Harness,,Norway,
120,Rossy Spurge,rspurge3b@go.com,Indonesia,15/1/2026
121,Roseline Eliot,reliot3c@eventbrite.com,Philippines,15/7/2025
122,Walden Cowling,wcowling3dmapy.cz,Poland,3/2/2026
123,Nollie Mackieson,nmackieson3e@shop-pro.jp,Sweden,12/10/2025
124,Jade Danat,jdanat3f@constantcontact.com,Brazil,16/11/2026
125,Velvet Siebert,vsiebert3g@redcross.org,Serbia,5/8/2025
126,Jordain Rimes,jrimes3h@sbwire.com,Russia,1/10/2026
127,Sterling Lillie,slillie3i@cdc.gov,China,30/4/2026
128,Ruggiero Schwant,rschwant3j@facebook.com,Pakistan,13/6/2026
129,Xenia Bread,xbread3k@wordpress.com,China,30/6/2025
130,Jeri Stratford,jstratford3l@canalblog.com,Taiwan,15/6/2026
131,Lilly Branthwaite,lbranthwaite3m@disqus.com,Ukraine,25/12/2025
132,Humphrey Iacobo,hiacobo3n@wired.com,Russia,28/7/2026
133, Lulita Mc Kellen,lmc3o@hexun.com,United States,3/4/2026
134,Claresta Flament,cflament3p@businesswire.com,China,18/2/2026
135,Hamil Theurer,htheurer3q@rediff.com,France,14/4/2026
136,Archambault Ridsdell,aridsdell3r@tuttocitta.it,Japan,21/7/2026
137,Brody Apted,bapted3s@marriott.com,Indonesia,3/7/2025
138,Arny Koenraad,akoenraad3t@toplist.cz,Jordan,6/4/2026
139,Cooper Causley,ccausley3u@geocities.com,Czech Republic,13/1/2026
140,Penny Grimster,pgrimster3v@blogspot.com,Indonesia,18/5/2026
141,Rolfe Joyson,rjoyson3w@woothemes.com,Poland,26/5/2026
142,Jocelyne Blasdale,jblasdale3x@github.io,Guatemala,28/7/2026
143,Dulci MacKissack,dmackissack3y@marketwatch.com,Ukraine,2/8/2026
144,Breena Brinsden,bbrinsden3z@rakuten.co.jp,China,8/7/2025
113,Rosabella Diehn,rdiehn34@pen.io,Mexico,21/8/2025
145,Viviana Plover,vplover40@weebly.com,Poland,7/10/2025
146,Letty Joslin,ljoslin41@youku.com,Japan,13/11/2025
147,Ajay Isacsson,aisacsson42@indiatimes.com,Togo,14/7/2026
148,Cal Van Leijs,cvan43@skyrock.com,Colombia,17/5/2025
149,Marlo Battelle,mbattelle44@google.it,Greece,1/5/2026
150,Honey Preuvost,hpreuvost45@ow.ly,Israel,30/12/2026
151,Peria Capper,pcapper46@smugmug.com,Ukraine,7/6/2026
152,Alic Yglesias,,Peru,12/1/2026
153,Morry Selesnick,mselesnick48@artisteer.com,Sweden,24/5/2026
154,Conn Walshe,cwalshe49@deviantart.com,Uruguay,22/5/2025
155,Denny Scothorne,dscothorne4a@wiley.com,China,5/5/2025
156,Denys Mart,dmart4b@so-net.ne.jp,Madagascar,11/12/2026
157,Ardis Harriss,aharriss4c@tripod.com,Indonesia,16/8/2025
,Erie Revel,erevel4d@gravatar.com,San Marino,4/12/2026
159,Pooh Beasant,pbeasant4e@devhub.com,China,1/8/2026
160,Obed Antonikov,oantonikov4f@51.la,Serbia,20/11/2026
161,,kstogill4g@webmd.com,China,5/11/2026
162,Corbet Misson,cmisson4h@patch.com,Thailand,8/5/2026
163,Kissiah Jeannet,kjeannet4i@mac.com,Venezuela,8/5/2025
164,Inga McMarquis,imcmarquis4j@miibeian.gov.cn,Guatemala,24/8/2026
165,Nil Pizzey,npizzey4k@wikia.com,Portugal,15/12/2025
166,Mayer Gale,mgale4l@purevolume.com,Argentina,10/9/2025
167,Kaiser MacLaig,kmaclaig4m@baidu.com,Pakistan,15/6/2025
168,Kailey Trevett,ktrevett4n@princeton.edu,Russia,19/12/2026
169,Odelinda Durrance,odurrance4o@de.vu,China,15/3/2026
170,Matt Ferraraccio,mferraraccio4p@github.io,Indonesia,4/1/2027
171,Aleen Fittall,afittall4q@ucla.edu,Indonesia,14/3/2026
172,Maiga Dentith,mdentith4r@apache.org,Germany,13/5/2025
173,Enrichetta Epinay,eepinay4s@webs.com,Peru,19/6/2026
174,Juditha Baddeley,jbaddeley4t@over-blog.com,France,20/7/2025
175,Maisie Cribbott,mcribbott4u@mlb.com,Indonesia,3/7/2026
176,Myrtle Falls,mfalls4v@tripod.com,Ukraine,6/10/2026
177,Ulric Bannon,ubannon4w@theglobeandmail.com,Armenia,12/7/2025
178,Shaun Haucke,shaucke4x@friendfeed.com,Egypt,14/6/2025
179,Ervin Navarijo,enavarijo4y@marketwatch.com,Norway,14/2/2026
180,Natty Tainton,ntainton4z@facebook.com,,6/5/2026
,Martguerita Folshom,mfolshom50@bing.com,Colombia,11/11/2026
182,Claire Pendreigh,cpendreigh51@networksolutions.com,Portugal,28/10/2026
183,Gussie Vasilov,gvasilov52@technorati.com,Portugal,21/11/2026
184,Sarene Ahrend,,South Africa,14/1/2026
185,Regen Slany,rslany54@weebly.com,China,25/9/2026
186,Keane Scotchbourouge,kscotchbourouge55@g.co,Egypt,
187,Sandor Tinkham,stinkham56@lycos.com,Papua New Guinea,3/5/2026
188,Titus Tolomelli,ttolomelli57@mapy.cz,China,22/7/2025
189,Delila Coate,dcoate58@jimdo.com,China,12/7/2026
190,Wren Itzcak,witzcak59@cbslocal.com,China,7/6/2025
191,Hyacintha Latta,hlatta5a@elpais.com,China,23/11/2026
192,Tam Chilton,tchilton5b@sphinn.com,China,25/11/2025
193,Arnoldo Elderton,aelderton5c@github.io,Japan,2/10/2025
194,Zacharie Boar,zboar5d@reference.com,Bosnia and Herzegovina,27/1/2026
195,Lucila Ellwood,lellwood5e@wired.com,Ireland,8/8/2025
196,Francesca Skeldinge,fskeldinge5f@wiley.com,Poland,21/3/2026
197,Stephine DeSousa,sdesousa5g@ning.com,China,25/7/2026
198,Luisa Peter,lpeter5h@freewebs.com,Paraguay,8/3/2026
199,Kathleen Twelftree,ktwelftree5i@smugmug.com,Netherlands,9/10/2026
200,Trudy MacVay,tmacvay5j@google.nl,Slovenia,29/6/2026
201,Othello Gowlett,ogowlett5k@goo.gl,Indonesia,14/10/2026
202,Jose Gilbee,jgilbee5l@archive.org,Sweden,6/2/2026
203,Cilka Silwood,csilwood5m@opera.com,Indonesia,28/8/2026
204,Vere Hanigan,vhanigan5n@mayoclinic,Indonesia,24/11/2026
205,Lynn Crace,lcrace5o@hud.gov,Bangladesh,10/12/2025
206,Luke Nason,lnason5p@google.pl,Papua New Guinea,26/5/2025
207,,pswancott5q@google.com.au,China,30/6/2026
208,Emlynne Scowcraft,escowcraft5r@amazon.com,China,10/5/2025
209,Pen Chapier,pchapier5s@moonfruit.com,Philippines,20/9/2026
210,Byrom Van Eeden,bvan5t@cbsnews.com,Indonesia,9/8/2026
211,Sib Durant,sdurant5u@blog.com,United States,28/4/2026
212,Inigo Mayzes,imayzes5v@fotki.com,Brazil,6/1/2027
213,Lauren Fritschmann,lfritschmann5w@photobucket.com,Luxembourg,13/12/2025
214,Anetta Garnham,agarnham5x@aol.com,Nigeria,11/10/2026
215,Trude Hannent,thannent5y@samsung.com,Georgia,26/7/2025
216,Jolene Cutmore,jcutmore5z@usnews.com,,2/6/2026
217,Milzie Konertz,mkonertz60@accuweather.com,Russia,7/10/2025
218,Merrill Bunworth,mbunworth61@google.co.jp,Poland,11/2/2026
219,Theodore Browett,tbrowett62@ucla.edu,China,28/5/2025
220,Burch Puxley,bpuxley63@weebly.com,Peru,21/6/2026
221,Felice Carnduff,fcarnduff64@plala.or.jp,Tajikistan,22/3/2026
222,Jacquette Bohden,jbohden65@a8.net,Russia,26/11/2026
223,Stanfield Dukesbury,sdukesbury66@mysql.com,China,8/11/2026
224,Karita Dunphie,kdunphie67@unblog.fr,China,19/6/2026
225,Tamma Kohlert,tkohlert68@rediff.com,Russia,30/10/2026
226,Regine Keeting,rkeeting69@omniture.com,Vietnam,3/10/2025
227,Myrtie Melby,mmelby6a@unblog.fr,Indonesia,8/6/2026
228,Bobette De Mattei,,China,16/7/2026
229,Doll Roj,droj6c@quantcast.com,Tajikistan,29/12/2026
230,Cy Scrammage,cscrammage6d@youku.com,Mauritius,16/6/2026
231,Nike Smewin,nsmewin6e@istockphoto.com,France,4/1/2026
232,Julius Gruszka,jgruszka6f@redcross.org,Israel,14/4/2026
233,Jessie Firsby,jfirsby6g@wix.com,China,9/11/2026
234,Gradey Goldthorpe,ggoldthorpe6h@wisc.edu,Ukraine,9/3/2026
235,Holli Wernher,hwernher6i@weibo.com,Honduras,8/12/2026
236,Philippe Inge,pinge6j@creativecommons.org,China,14/8/2026
237,Queenie Sijmons,qsijmons6k@alibaba.com,China,5/7/2025
238,Jaclin Gellert,jgellert6l@technorati.com,Indonesia,7/3/2026
239,Delmor McKniely,dmckniely6m@is.gd,Pakistan,1/6/2025
240,Isobel Spittall,ispittall6n@delicious.com,Mexico,9/5/2025
241,Karon Flaverty,kflaverty6o@booking.com,Ukraine,26/4/2026
242,Ulrick Mansuer,umansuer6p@statcounter.com,Indonesia,11/7/2026
243,Heinrik Gliddon,hgliddon6q@dell.com,Afghanistan,2/11/2025
244,Hanny Stonehewer,hstonehewer6r@ezinearticles.com,Qatar,26/12/2025
245,Abrahan Perulli,aperulli6s@vkontakte.ru,Philippines,29/11/2026
246,Yorker Tute,ytute6t@unicef.org,Ukraine,10/11/2025
,Hamel Antoszewski,hantoszewski6u@hatena.ne.jp,Brazil,5/9/2026
248,Berenice Pietz,bpietz6v@com.com,France,31/8/2025
249,Bernadene Stubbe,bstubbe6w@vkontakte.ru,Indonesia,5/6/2025
250,Kelbee Jenkins,kjenkins6x@goo.ne.jp,China,6/10/2026
251,Jena Pickthorn,jpickthorn6y@nasa.gov,Afghanistan,30/9/2025
252,Carma Borkett,cborkett6z@businessweek.com,Portugal,4/1/2026
253,Fancie Finker,ffinker70@prnewswire.com,China,8/10/2026
254,Romain Trunchion,rtrunchion71@salon.com,Czech Republic,14/1/2027
255,Marji Feild,mfeild72@yale.edu,China,21/12/2025
256,Homere Curryer,hcurryer73@gravatar.com,Brazil,15/5/2025
257,Felecia Donaghy,fdonaghy74@admin.ch,Bolivia,9/7/2026
258,Giraldo Passie,gpassie75@facebook.com,Portugal,12/11/2025
259,Tine Dominka,tdominka76@gravatar.com,Uganda,19/11/2026
260,Jermain Wrathmall,jwrathmall77@netscape.com,Croatia,7/9/2025
261,Vania Dundredge,vdundredge78@craigslist.org,Russia,30/3/2026
262,Adan Real,areal79@cbslocal.com,Portugal,19/11/2025
263,Nada de Vaen,nde7a@jalbum.net,Colombia,7/6/2025
264,Isabel Blennerhassett,iblennerhassett7b@noaa.gov,China,11/7/2025
265,Lawrence L'Archer,llarcher7c@tiny.cc,China,25/7/2026
266,Micheal Hambric,mhambric7d@npr.org,Indonesia,13/7/2026
267,Susana Dolden,sdolden7e@homestead.com,China,19/1/2027
268,Jemmy Flucker,jflucker7f@nba.com,Sweden,27/4/2026
269,Berti Yakunikov,byakunikov7g@yandex.ru,Ethiopia,28/5/2026
270,Nolly Headan,nheadan7h@webeden.co.uk,Mexico,1/9/2026
271,Ogdon Gillfillan,ogillfillan7i@stumbleupon.com,China,17/7/2026
272,Nanci Sainsbury-Brown,nsainsburybrown7j@eepurl.com,Portugal,7/8/2026
273,Maurizia Derks,mderks7k@toplist.cz,China,15/7/2026
274,Noble Bendel,nbendel7l@yandex.ru,Brazil,11/10/2025
275,Jocko Luttger,jluttger7m@google.ru,Bosnia and Herzegovina,19/7/2026
276,Allister Drew-Clifton,adrewclifton7n@japanpost.jp,Indonesia,4/6/2025
277,Elvyn Jeandillou,ejeandillou7o@topsy.com,Indonesia,24/9/2025
278,Carilyn Wrangle,cwrangle7p@prnewswire.com,Brazil,21/7/2025
279,Robers Shippard,rshippard7q@cdbaby.com,China,10/1/2027
280,Tann Nicholls,tnicholls7r@chronoengine.com,Russia,5/12/2025
281,Wake De Paepe,wde7s@canalblog.com,Indonesia,29/12/2025
282,Bronson Barnicott,bbarnicott7t@chronoengine.com,China,28/1/2026
283,Rowena Blyde,rblyde7u@youku.com,Japan,
284,Tandie Hurn,thurn7v@abc.net.au,Iran,
285,,wnetley7w@indiatimes.com,Poland,17/3/2026
286,,loxteby7x@tinypic.com,,5/2/2026
287,Hinze Gowanlock,hgowanlock7y@ycombinator.com,Indonesia,
288,Grayce Pencott,gpencott7z@cpanel.net,,28/9/2026
289,Sibella Duck,sduck80@about.com,Ukraine,10/9/2025
290,Gerri Borzoni,gborzoni81@tripadvisor.com,Portugal,10/9/2026
291,Malorie Lepard,mlepard82@army.mil,Vietnam,27/9/2025
292,Carmella Buzzing,cbuzzing83@over-blog.com,China,7/2/2026
293,Juieta Rumming,jrumming84@redcross.org,Japan,27/1/2027
294,Shamus Pettegre,,China,3/9/2026
295,Scarface Bonifant,sbonifant86@un.org,China,12/8/2026
296,Elfrida Callingham,ecallingham87@a8.net,Finland,5/5/2026
297,Alejoa Garrand,agarrand88@freewebs.com,Indonesia,24/6/2025
298,Shem Mattioli,smattioli89@house.gov,Bangladesh,31/12/2026
299,Cherey Northedge,cnorthedge8a@cnbc.com,Nicaragua,14/5/2026
300,Bobbi Deluze,bdeluze8b@alibaba.com,Bulgaria,
301,Adelind Arundel,aarundel8c@gizmodo.com,China,18/8/2025
302,Noelle Gosnall,ngosnall8d@mac.com,United States,2/9/2026
303,Ives Remer,iremer8e@dmoz.org,Ukraine,7/10/2026
304,Lincoln Cutforth,lcutforth8f@squarespace.com,Sweden,16/8/2026
305,Isabeau Ettery,iettery8g@blogger.com,Japan,25/4/2026
306,Charmian Stooders,cstooders8h@yahoo.co.jp,,3/1/2026
307,Rosanne Aldham,raldham8i@timesonline.co.uk,Finland,8/6/2026
308,Mariann Melland,mmelland8j@hc360.com,Russia,10/5/2026
309,Lewiss Zealey,lzealey8k@skyrock.com,Portugal,3/10/2026
310,Samuel Backsal,sbacksal8l@paginegialle.it,Indonesia,24/10/2026
311,Ximenez Coetzee,xcoetzee8m@linkedin.com,Mexico,28/5/2026
312,Malory Oxlade,moxlade8n@cbc.ca,Indonesia,2/12/2025
313,Lorenza Belchem,lbelchem8o@buzzfeed.com,Bolivia,6/2/2026
314,Gregory Darnborough,gdarnborough8p@bbb.org,Russia,12/2/2026
315,Kimball Joincey,kjoincey8q@alibaba.com,Serbia,13/11/2025
316,Ev Mahaddie,emahaddie8r@un.org,China,30/5/2025
317,Barnard Gosker,bgosker8s@buzzfeed.com,Philippines,9/9/2026
318,Addie McCroft,amccroft8t@chronoengine.com,Mexico,2/6/2025
319,Vanya Knowlson,vknowlson8u@ucsd.edu,China,29/1/2026
320,Benedetta Pryer,bpryer8v@bloomberg.com,Indonesia,13/1/2026
321,Renaud Bortolomei,rbortolomei8w@usgs.gov,China,18/6/2025
322,Angus Friedman,afriedman8x@uiuc.edu,Macedonia,14/12/2026
323,Fallon Crosson,fcrosson8y@huffingtonpost.com,Saudi Arabia,30/9/2026
324,Holt Dunton,hdunton8z@unicef.org,Georgia,6/3/2026
325,Orelle MacKenney,omackenney90@timesonline.co.uk,Philippines,19/1/2026
326,Cesar Northeast,cnortheast91@ca.gov,China,1/3/2026
327,Orrin Lowrey,olowrey92@123-reg.co.uk,France,29/12/2026
328,Gunilla Nibley,gnibley93@bloomberg.com,Russia,29/7/2025
,Sapphire Hadley,shadley94@slideshare.net,China,16/4/2026
330,Chalmers Peattie,cpeattie95@nifty.com,Colombia,3/6/2026
331,Helge Chetwynd,hchetwynd96@youtube.com,Nepal,14/5/2026
332,Baldwin Fellgett,bfellgett97@google.com.au,Philippines,23/6/2026
333,Candra Dommerque,cdommerque98@webnode.com,United States,4/11/2026
334,Goldarina Wreath,gwreath99@dyndns.org,Philippines,21/12/2025
335,Corene Ruppelin,cruppelin9a@exblog.jp,Indonesia,13/6/2025
336,Svend Hansen,shansen9b@eepurl.com,United States,9/8/2026
337,Ingar Hedingham,ihedingham9c@163.com,Indonesia,13/10/2026
338,Lilly Rosengart,lrosengart9d@cbc.ca,Germany,10/4/2026
339,Field Polet,fpolet9e@vinaora.com,Portugal,2/6/2026
340,Berkie Wetherburn,bwetherburn9f@bbb.org,Malta,23/9/2025
341,Phelia Hubbert,phubbert9g@va.gov,China,22/5/2025
342,Gabe Barnfather,gbarnfather9h@about.com,,5/5/2025
343,Stoddard Popelay,spopelay9i@rediff.com,France,10/9/2025
344,Thatch Coning,tconing9j@dyndns.org,Portugal,29/12/2026
345,Rosco Jiracek,rjiracek9k@google.com.au,Greece,17/11/2026
346,Tonnie Swabey,tswabey9l@salon.com,Ethiopia,3/12/2025
347,Maison Dundin,mdundin9m@com.com,Portugal,6/12/2026
348,Reynard Fellgett,rfellgett9n@eepurl.com,China,1/10/2025
349,Kingsly Snipe,ksnipe9o@nature.com,China,20/11/2025
350,Levy Hanhardt,lhanhardt9p@hibu.com,Indonesia,9/1/2026
,,ktibbits9q@photobucket.com,Czech Republic,19/12/2025
352,Kerwin Braisby,kbraisby9r@admin.ch,Sweden,17/8/2025
353,Candide Haxbie,chaxbie9s@dmoz.org,Poland,23/8/2025
354,Blondell Pinilla,bpinilla9t@omniture.com,Sweden,15/10/2026
355,Reginald Lineham,rlineham9u@yellowbook.com,China,21/11/2025
356,Ranice Pawley,rpawley9v@engadget.com,,28/1/2027
357,Goldie Morrad,gmorrad9w@deliciousdays.com,Serbia,13/12/2025
358,Linnea Grindle,lgrindle9x@163.com,Japan,5/6/2025
,Keene Petren,kpetren9y@narod.ru,United States,8/7/2026
360,,ntownson9z@si.edu,Indonesia,9/4/2026
361,West Oakeby,woakebya0@flavors.me,Russia,15/6/2026
362,Vivian Beall,vbealla1@hatena.ne.jp,China,
363,Murry Pietzke,mpietzkea2@yellowbook.com,Vietnam,20/12/2025
364,Bonni Hewlings,bhewlingsa3@xinhuanet.com,Belarus,16/9/2026
365,Dulcy Pyett,dpyetta4@storify.com,Japan,5/7/2026
366,Sanford Grutchfield,sgrutchfielda5@last.fm,Japan,27/12/2026
367,Abigale Balden,abaldena6@vimeo.com,China,3/9/2025
368,Chan Wallington,cwallingtona7@ebay.co.uk,China,24/7/2026
369,Rozalin Bailess,rbailessa8@eventbrite.com,Tanzania,16/1/2026
370,Marketa Mustard,mmustarda9@diigo.com,Canada,24/7/2026
371,,mghioneaa@themeforest.net,,29/11/2026
372,Juliane Bolesworth,jbolesworthab@quantcast.com,China,26/7/2026
373,Minni Chisholm,mchisholmac@altervista.org,Russia,8/2/2026
374,Gallagher Klessmann,gklessmannad@biblegateway.com,Indonesia,2/8/2025
375,Worth Vinton,wvintonae@independent.co.uk,Peru,12/2/2026
376,Thedric Heild,theildaf@cyberchimps.com,Russia,18/11/2026
377,Meade Lorimer,mlorimerag@apple.com,China,24/1/2026
378,Cyril Borit,cboritah@admin.ch,Portugal,11/4/2026
379,Antonietta Sinney,asinneyai@tripadvisor.com,Sweden,23/3/2026
380,Adore Tonepohl,atonepohlaj@reference.com,France,9/9/2025
381,,sreddingak@guardian.co.uk,Madagascar,2/1/2027
382,Chelsae Nother,cnotheral@meetup.com,Yemen,21/3/2026
383,Julianna Gorton,jgortonam@opera.com,Philippines,8/1/2026
384,Georgetta Beeres,gbeeresan@soup.io,Philippines,21/1/2027
385,Morty Iannello,miannelloao@thetimes.co.uk,Canada,19/10/2025
386,Douglas Quene,dqueneap@umn.edu,Indonesia,22/2/2026
387,Mill Leggs,mleggsaq@bbb.org,Honduras,3/6/2025
388,Parrnell Overal,poveralar@tiny.cc,Argentina,18/10/2026
389,Guilbert Founds,gfoundsas@blinklist.com,Russia,27/1/2026
390,Garrik Sefton,gseftonat@paypal.com,Peru,1/10/2025
,Donny Pellitt,dpellittau@indiatimes.com,Russia,13/3/2026
392,Valentino Galpen,vgalpenav@bloglovin.com,Kosovo,19/12/2025
393,Cristin Treacy,ctreacyaw@drupal.org,China,28/8/2025
394,Tonye Dumigan,tdumiganax@g.co,Philippines,14/7/2026
395,Waly Kington,wkingtonay@mail.ru,France,15/12/2025
396,Victoria Perrins,vperrinsaz@fc2.com,Vietnam,7/8/2026
397,Dorena O'Fielly,dofiellyb0@sun.com,Madagascar,6/11/2026
398,Kati Chapelhow,kchapelhowb1@netscape.com,Togo,21/11/2025
399,,rnormandaleb2@de.vu,Sweden,1/10/2025
400,Maryanna Blogg,mbloggb3@dedecms.com,Iran,21/7/2025
401,Jefferson Sorrel,jsorrelb4@zdnet.com,China,27/4/2026
402,Jeremy Aldington,jaldingtonb5@loc.gov,Mexico,8/4/2026
403,Dorise Imason,dimasonb6@freewebs.com,Syria,13/4/2026
404,Rudyard Sprade,rspradeb7@boston.com,South Africa,16/9/2025
405,Moritz Humbie,mhumbieb8@plala.or.jp,China,4/12/2026
406,Crin Twyford,,Ukraine,7/7/2025
407,Estel Walkden,ewalkdenba@dropbox.com,China,25/6/2026
408,Grover Vicarey,gvicareybb@mit.edu,China,16/11/2026
409,Raquel Grewes,rgrewesbc@dion.ne.jp,Brazil,27/12/2026
410,Susie Fountaine,sfountainebd@slate.com,China,10/10/2025
411,Renata Aggis,raggisbe@tripadvisor.com,Thailand,20/8/2025
412,Kinna Pecey,kpeceybf@engadget.com,Indonesia,24/6/2025
413,Helena Bateman,hbatemanbg@tripod.com,China,14/4/2026
414,Issi Capelow,icapelowbh@merriam-webster.com,Philippines,12/12/2025
415,Freedman Ebbs,febbsbi@nih.gov,Dominican Republic,5/12/2026
416,Annmarie Spellissy,aspellissybj@wunderground.com,Norway,9/10/2026
417,,srunseybk@github.io,Japan,26/5/2026
418,Britt Hoolaghan,bhoolaghanbl@fda.gov,China,22/7/2026
419,Faith Baldree,fbaldreebm@house.gov,Portugal,1/3/2026
420,Trina Mc Comb,tmcbn@goo.ne.jp,Myanmar,4/2/2026
421,Pablo Oseman,posemanbo@hud.gov,Ukraine,18/3/2026
422,Jerrylee Gilbeart,jgilbeartbp@webnode.com,Indonesia,14/8/2026
423,Harold Huncoot,hhuncootbq@unc.edu,Czech Republic,5/9/2026
,Sheridan Pomphrett,spomphrettbr@examiner.com,Indonesia,29/12/2025
425,Nissy Beechcraft,nbeechcraftbs@soup.io,,5/5/2026
426,Anderson Hirtz,ahirtzbt@booking.com,Ukraine,18/1/2027
427,De Zecchetti,dzecchettibu@yellowbook.com,Sweden,24/1/2026
428,Marven Erskine,merskinebv@soup.io,Vietnam,21/11/2025
429,Doralynn Bushill,dbushillbw@marriott.com,Albania,9/10/2025
430,Garth Rushmare,grushmarebx@senate.gov,Thailand,21/8/2025
431,Lainey Gajewski,lgajewskiby@bluehost.com,China,12/6/2025
432,Mose Tenniswood,mtenniswoodbz@bizjournals.com,China,15/8/2026
433,Kristoffer Haug,khaugc0@dailymotion.com,Thailand,24/1/2027
434,,gvenediktovc1@ucla.edu,Finland,5/6/2026
435,Beatrice Waddilow,bwaddilowc2@dagondesign.com,Japan,14/1/2027
436,Garvey Kennady,gkennadyc3@weather.com,Mexico,29/6/2026
437,Rahal Furlonge,rfurlongec4@baidu.com,Honduras,12/9/2026
438,Lesya Moorcroft,lmoorcroftc5@linkedin.com,China,26/1/2027
439,Kara Dallison,kdallisonc6@slashdot.org,Russia,5/8/2026
440,Angelina Eton,aetonc7@nyu.edu,Sweden,22/8/2026
441,Madalyn Ings,mingsc8@dmoz.org,Azerbaijan,6/8/2026
442,Else Martina,emartinac9@sourceforge.net,Mexico,8/11/2026
443,Bronnie Brassill,bbrassillca@si.edu,Indonesia,7/6/2026
444,Bat Nicholson,bnicholsoncb@cocolog-nifty.com,China,1/8/2025
445,Van Pierton,vpiertoncc@flickr.com,China,28/9/2026
446,Mattheus Langridge,mlangridgecd@mtv.com,Indonesia,15/2/2026
447,Sharon Fendlen,sfendlence@sina.com.cn,Finland,21/10/2026
448,Guinevere Baldcock,gbaldcockcf@weebly.com,Japan,
449,Hugues Trood,htroodcg@hubpages.com,China,2/4/2026
450,Cleopatra Ashborne,cashbornech@ihg.com,China,18/7/2025
451,Dun Yate,dyateci@free.fr,Ghana,28/6/2025
452,Levon Killelea,lkilleleacj@posterous.com,Indonesia,16/6/2026
453,Richard Taylour,rtaylourck@360.cn,Indonesia,27/9/2025
454,Salli Pilpovic,spilpoviccl@ucsd.edu,Poland,24/6/2026
455,Christel Haster,chastercm@constantcontact.com,Russia,5/4/2026
456,Georgina Damato,gdamatocn@army.mil,Canada,5/12/2025
457,Findley Campos,fcamposco@ox.ac.uk,China,26/5/2026
458,Carley Popworth,cpopworthcp@livejournal.com,South Korea,22/9/2025
459,Noellyn Abthorpe,nabthorpecq@house.gov,China,20/6/2026
460,Stephannie Kienlein,skienleincr@ezinearticles.com,Indonesia,12/11/2025
461,Datha Peterkin,dpeterkincs@blogspot.com,Indonesia,9/6/2026
462,Maxy Cloney,mcloneyct@vistaprint.com,Philippines,8/11/2025
463,Tommy Storkes,tstorkescu@webs.com,China,10/12/2026
464,Rene Stallen,rstallencv@arizona.edu,Portugal,25/3/2026
465,Queenie Huet,qhuetcw@furl.net,Indonesia,3/11/2025
466,Imelda Lidyard,ilidyardcx@1und1.de,Belarus,20/5/2026
467,Edgard Pulsford,epulsfordcy@pagesperso-orange.fr,Portugal,16/11/2026
468,Dionis Castilljo,dcastilljocz@ted.com,Portugal,11/10/2025
469,Candis Cunde,ccunded0@comcast.net,Cyprus,
470,Jolee Harcase,jharcased1@vk.com,China,3/6/2025
471,Reggi Curuclis,rcuruclisd2@amazon.com,Pakistan,1/5/2026
472,Alyda Burgen,aburgend3@abc.net.au,Uzbekistan,2/9/2026
473,Elke Furber,efurberd4@guardian.co.uk,Sweden,21/9/2025
474,Sallyanne Piperley,spiperleyd5@cdc.gov,Philippines,13/10/2026
475,Ralina Jepperson,rjeppersond6@naver.com,Philippines,21/8/2025
476,Rockie Simenel,rsimeneld7@zimbio.com,Slovenia,4/5/2025
477,Mariska Daverin,mdaverind8@elegantthemes.com,Czech Republic,16/9/2025
478,Julio Gian,jgiand9@digg.com,Mexico,27/11/2025
479,Netty McComiskie,nmccomiskieda@dot.gov,Indonesia,
,Wood Bush,wbushdb@printfriendly.com,Russia,7/4/2026
481,Sharai Leslie,slesliedc@stanford.edu,China,2/8/2025
482,Trenna Girk,tgirkdd@printfriendly.com,Mongolia,27/8/2026
483,Analiese Spooner,aspoonerde@weibo.com,Russia,27/7/2025
484,Merwin Clougher,mclougherdf@zdnet.com,Poland,13/1/2026
485,Tine Chaplin,tchaplindg@gmpg.org,Indonesia,
486,Rodney Merchant,rmerchantdh@weebly.com,Indonesia,25/9/2026
487,Murry Foulds,mfouldsdi@un.org,Yemen,18/4/2026
488,Mia Froggatt,mfroggattdj@zimbio.com,Denmark,19/7/2025
489,Griz Durrett,gdurrettdk@upenn.edu,Poland,20/10/2026
490,Faun Mercer,fmercerdl@buzzfeed.com,Netherlands,26/9/2026
491,Alex Wark,awarkdm@msu.edu,Portugal,21/6/2026
492,Gracie O'Crotty,gocrottydn@dot.gov,Afghanistan,28/8/2025
493,Cecilla Heatlie,cheatliedo@rambler.ru,Indonesia,15/5/2025
494,,cdultondp@sina.com.cn,Russia,9/5/2025
495,Averil Rodmell,arodmelldq@squidoo.com,Canada,21/1/2026
496,Honor Duding,hdudingdr@hostgator.com,Jamaica,12/6/2026
497,Amalia Siddons,asiddonsds@vinaora.com,Indonesia,24/6/2026
498,,kpedrozzidt@biblegateway.com,Russia,29/10/2025
499,Shaylah Estabrook,,Argentina,9/7/2026
500,Chen Snarr,csnarrdv@storify.com,Belarus,17/12/2026
501,Nixie Caulcutt,ncaulcuttdw@berkeley.edu,Brazil,15/9/2026
502,Caesar Gawke,cgawkedx@vistaprint.com,China,3/3/2026
503,Padriac Pawnsford,ppawnsforddy@miibeian.gov.cn,China,5/8/2025
504,Carma Lethardy,clethardydz@istockphoto.com,France,16/10/2025
505,Fidelio Morshead,fmorsheade0@google.com,Bosnia and Herzegovina,24/10/2025
,Regan Raison,rraisone1@aboutads.info,Philippines,6/10/2026
507,Wynne Merrgen,wmerrgene2@army.mil,Indonesia,30/7/2026
508,Antony Commin,acommine3@tmall.com,China,13/11/2026
509,Maurise Le Provest,mlee4@ucoz.ru,Indonesia,
510,Josefina Nigh,jnighe5@last.fm,Ivory Coast,31/10/2025
511,Shel Chaddock,schaddocke6@mail.ru,Tanzania,23/10/2026
,Amos Shayler,ashaylere7@oakley.com,Sweden,30/7/2025
513,Kesley Ivory,kivorye8@example.com,Brazil,10/12/2026
514,Ruthi Baron,rbarone9@wikipedia.org,Brazil,29/12/2026
515,Bevin Lissenden,blissendenea@woothemes.com,Indonesia,11/4/2026
516,Astrid Chessill,achessilleb@netvibes.com,Argentina,5/10/2026
517,Birch Camelli,bcamelliec@github.com,Canada,31/8/2026
518,Damara Wesson,dwessoned@purevolume.com,Ireland,29/11/2025
519,Bessie Butt Gow,bbuttee@newsvine.com,Honduras,2/2/2026
520,Brantley Reddell,breddellef@flavors.me,China,31/10/2025
521,Patty Gregh,pgregheg@paypal.com,Russia,15/6/2025
522,Deina Rosensaft,drosensafteh@soundcloud.com,Colombia,6/5/2026
523,Rowen Ribou,rribouei@printfriendly.com,Japan,8/8/2026
524,Dickie Grelik,dgrelikej@scientificamerican.com,Indonesia,18/6/2025
525,Chrisy Shelborne,cshelborneek@tinypic.com,Uruguay,11/6/2025
526,Reggis Ravillas,rravillasel@php.net,Philippines,14/11/2025
527,Issy Sainte Paul,isainteem@networkadvertising.org,Namibia,7/6/2025
528,Audie Ploughwright,aploughwrighten@jalbum.net,Dominican Republic,18/12/2026
529,Heloise Cadagan,hcadaganeo@naver.com,Kyrgyzstan,15/6/2025
530,Faye Trevains,ftrevainsep@zimbio.com,Portugal,31/10/2026
531,Jeana Caselick,jcaselickeq@elegantthemes.com,Indonesia,15/9/2025
532,Miguela Rosiello,mrosielloer@vkontakte.ru,Morocco,24/6/2026
533,Maud Balaam,mbalaames@google.co.jp,Greece,29/4/2026
534,Karry Poundsford,kpoundsfordet@dedecms.com,Papua New Guinea,26/6/2026
535,Melvyn Challenger,mchallengereu@instagram.com,Sweden,16/7/2025
536,Isacco Sowden,isowdenev@sphinn.com,,9/5/2026
537,Marne Salvatore,msalvatoreew@wisc.edu,Uganda,22/12/2025
538,Uri Sarson,usarsonex@delicious.com,Indonesia,23/6/2026
539,Herbert Seedull,hseedulley@google.com.hk,China,21/1/2027
540,Alva Corradi,acorradiez@alibaba.com,Bolivia,19/11/2025
541,Reinold Wrightem,rwrightemf0@fastcompany.com,China,24/7/2025
542,Cathe Oliveti,colivetif1@cam.ac.uk,Indonesia,
543,Reese Tharme,rtharmef2@state.tx.us,Indonesia,21/12/2026
544,Dur Ruzic,druzicf3@sitemeter.com,Indonesia,18/1/2027
545,Georgena Humbey,ghumbeyf4@springer.com,China,15/5/2026
546,Bancroft Dilkes,bdilkesf5@cnn.com,Palestinian Territory,24/12/2026
547,Lettie MacCumeskey,lmaccumeskeyf6@wp.com,Cyprus,20/2/2026
548,Kirstyn Pearton,kpeartonf7@infoseek.co.jp,Ethiopia,11/1/2026
549,Heath Merrydew,hmerrydewf8@free.fr,Indonesia,18/6/2025
550,Chiquita Barton,cbartonf9@naver.com,Indonesia,9/6/2025
551,Wrennie Worshall,wworshallfa@sfgate.com,Cambodia,
552,Marjorie Abrahm,mabrahmfb@jalbum.net,Germany,7/5/2026
553,Eugene Di Meo,edifc@who.int,Japan,10/3/2026
554,Ginger de Amaya,gdefd@de.vu,China,
555,Stephen Ching,schingfe@prnewswire.com,Indonesia,30/4/2026
556,Petronella Tregensoe,ptregensoeff@slideshare.net,China,20/4/2026
557,Jody Paulus,jpaulusfg@tiny.cc,United Kingdom,17/8/2026
558,Jamill Breheny,jbrehenyfh@google.cn,Sweden,1/11/2026
559,Gerrie Frears,gfrearsfi@harvard.edu,Panama,7/7/2026
560,Sofia Duding,sdudingfj@oaic.gov.au,Tunisia,26/10/2026
561,,rbernardtfk@rediff.com,Czech Republic,22/6/2026
562,Darline Woofinden,dwoofindenfl@mashable.com,Botswana,16/3/2026
563,Leo Matijevic,lmatijevicfm@cbslocal.com,China,2/7/2025
564,Kevyn Redmayne,kredmaynefn@mapquest.com,,7/6/2026
565,Lyndell Le Marchand,llefo@wordpress.com,Belarus,19/12/2026
566,Robbi Boxer,rboxerfp@yahoo.com,Uzbekistan,27/8/2026
567,Calida Royall,croyallfq@blogtalkradio.com,Indonesia,18/10/2026
568,Jay Buffy,jbuffyfr@nbcnews.com,Spain,18/12/2025
569,Phillip Umpleby,pumplebyfs@npr.org,Haiti,22/12/2025
570,Darius Josephson,djosephsonft@answers.com,Colombia,25/6/2026
571,Kelsey M'Quhan,kmquhanfu@jalbum.net,Russia,8/11/2026
572,Kim Rennix,krennixfv@ameblo.jp,Comoros,15/8/2025
573,Isidor Abrahamoff,iabrahamofffw@fda.gov,Indonesia,14/12/2026
574,,mjohantgesfx@desdev.cn,United Kingdom,21/11/2025
575,Jenna Colthurst,jcolthurstfy@samsung.com,France,18/1/2027
576,Nevsa Jandel,njandelfz@mysql.com,China,13/11/2026
577,Katleen Boatman,kboatmang0@ycombinator.com,Peru,12/11/2026
578,Bianka Nickell,bnickellg1@mail.ru,China,10/12/2026
579,Simon Roubeix,sroubeixg2@sogou.com,United States,1/12/2025
580,Walton Skingley,wskingleyg3@blogspot.com,China,8/12/2025
581,Di Kolushev,dkolushevg4@reddit.com,Honduras,5/11/2025
582,Bertram Well,,China,2/6/2025
583,Tymothy Whittier,twhittierg6@fema.gov,Bosnia and Herzegovina,13/9/2025
584,Tiertza MacCaull,tmaccaullg7@usgs.gov,Poland,7/8/2025
585,Everard Yoxen,eyoxeng8@weather.com,Latvia,11/1/2026
586,Simonette Laborde,slabordeg9@about.com,Peru,21/3/2026
587,Webster Baume,wbaumega@gizmodo.com,Belize,30/8/2026
588,Thomasina Purchall,tpurchallgb@biblegateway.com,Czech Republic,13/9/2025
589,Susi Curnnokk,scurnnokkgc@last.fm,Yemen,19/10/2025
590,Isidor Erskin,ierskingd@webnode.com,Brazil,20/4/2026
591,Drucill O'Dreain,dodreainge@kickstarter.com,China,24/10/2025
592,Eric Trethowan,etrethowangf@plala.or.jp,Canada,4/10/2025
593,Care Stamper,cstampergg@apache.org,Belarus,30/11/2025
594,Perla Fugere,pfugeregh@geocities.com,Greece,8/8/2025
,Tamarra Olwen,tolwengi@dagondesign.com,Russia,15/2/2026
596,Myrtia Fanti,mfantigj@usgs.gov,Tanzania,28/1/2026
597,Red Bassil,rbassilgk@hugedomains.com,,10/3/2026
598,Shelby Jeskins,sjeskinsgl@people.com.cn,China,21/10/2026
599,Ardene Heggadon,aheggadongm@twitpic.com,Mexico,20/7/2025
600,Eustacia Damiral,edamiralgn@indiegogo.com,Guatemala,3/7/2025
601,Sena Birtles,sbirtlesgo@statcounter.com,Albania,6/12/2026
602,Kele MacConnel,kmacconnelgp@epa.gov,Czech Republic,14/6/2026
603,Dagny Guillond,dguillondgq@dmoz.org,Ukraine,12/12/2025
604,Theresa Aizic,taizicgr@parallels.com,Japan,29/7/2025
605,Danna Iglesia,diglesiags@yellowpages.com,China,4/6/2025
606,Ollie Salan,osalangt@senate.gov,Tunisia,28/10/2025
607,Duky Brash,dbrashgu@angelfire.com,Indonesia,11/1/2026
608,Tibold Halmkin,thalmkingv@si.edu,Morocco,24/9/2026
609,Frederigo Loakes,floakesgw@aboutads.info,,5/7/2025
610,Skippie Wilcinskis,swilcinskisgx@mail.ru,Latvia,20/5/2026
611,Lusa Goggen,lgoggengy@cam.ac.uk,Finland,31/5/2025
612,Fremont Staines,fstainesgz@edublogs.org,Mexico,17/5/2026
613,Karlene Redferne,kredferneh0@sohu.com,France,28/10/2026
614,Breena Fley,bfleyh1@ifeng.com,China,30/10/2025
615,Darrelle Winwright,dwinwrighth2@angelfire.com,Philippines,19/8/2025
616,Krisha Pesek,kpesekh3@nature.com,Indonesia,20/6/2026
617,Chiquita Ivanchin,civanchinh4@istockphoto.com,Ukraine,23/2/2026
618,Emmie Archard,earchardh5@oracle.com,United States,23/5/2025
619,Clayton Hamnett,chamnetth6@upenn.edu,France,13/8/2025
620,Delinda Crosher,dcrosherh7@deviantart.com,Brazil,17/3/2026
621,Annelise Govini,agovinih8@google.pl,China,19/10/2026
622,Aurelie Andreacci,aandreaccih9@webs.com,Swaziland,
623,Therese Lamba,tlambaha@mit.edu,Ecuador,
624,Malva Bentjens,mbentjenshb@creativecommons.org,Croatia,30/7/2026
625,Arney Airds,aairdshc@1688.com,Indonesia,4/7/2025
626,Frankie Buntine,fbuntinehd@samsung.com,China,5/10/2026
627,Jan Reboulet,jreboulethe@cbc.ca,China,23/6/2025
628,Shae Avramow,savramowhf@prnewswire.com,China,12/6/2026
629,Dori Nickell,dnickellhg@cbc.ca,Colombia,2/11/2025
630,Lita Immings,limmingshh@eepurl.com,Japan,14/7/2026
631,Haley Gorst,hgorsthi@google.it,Philippines,25/6/2025
632,Rossy Carrivick,rcarrivickhj@jalbum.net,Russia,30/8/2026
633,Ginevra Wilden,gwildenhk@mayoclinic.com,Indonesia,14/9/2025
634,Marlene Dessent,mdessenthl@about.com,Indonesia,10/11/2025
635,Federica Trewin,ftrewinhm@cnn.com,Indonesia,18/1/2026
636,Edvard Siddle,esiddlehn@edublogs.org,Thailand,24/10/2026
637,,dgoodieho@cocolog-nifty.com,Philippines,14/7/2026
638,Cherin Horrod,chorrodhp@opera.com,Thailand,6/5/2026
639,Cassie Lonergan,clonerganhq@toplist.cz,China,18/7/2025
640,Aurea Spare,asparehr@oracle.com,Brazil,6/9/2025
641,Kahaleel Burnapp,kburnapphs@bbc.co.uk,Japan,2/6/2025
642,Rowe Wetherburn,rwetherburnht@mozilla.org,Portugal,15/2/2026
643,Celinka Leathley,cleathleyhu@google.ru,China,28/9/2026
644,Lonee Warde,lwardehv@tripadvisor.com,Indonesia,13/3/2026
645,Traci Metson,tmetsonhw@1688.com,China,30/8/2026
646,Ambrosi Canlin,acanlinhx@freewebs.com,Albania,13/10/2026
647,Arturo Brierley,abrierleyhy@google.com,Indonesia,30/7/2026
648,Amanda Carlesso,acarlessohz@slashdot.org,China,8/7/2026
649,Arch Markussen,amarkusseni0@google.fr,Thailand,10/2/2026
650,Willy Bellwood,wbellwoodi1@weebly.com,Bosnia and Herzegovina,27/11/2026
651,Amandi Chillingworth,achillingworthi2@wikia.com,China,24/5/2025
652,Breena Stackbridge,bstackbridgei3@hc360.com,Indonesia,21/7/2026
,Merwin Rawcliff,mrawcliffi4@un.org,China,21/7/2025
654,Ronald Scoffham,rscoffhami5@ustream.tv,China,25/8/2026
655,Rosetta Andriuzzi,randriuzzii6@blogspot.com,Russia,18/1/2027
656,Jean Ros,jrosi7@reverbnation.com,Guatemala,25/4/2026
657,Dirk Riccard,driccardi8@howstuffworks.com,Lithuania,15/4/2026
658,Larry Benedick,lbenedicki9@smugmug.com,Niger,12/5/2025
659,Connie Duffy,cduffyia@biglobe.ne.jp,Poland,9/10/2025
660,Natty Copestake,ncopestakeib@thetimes.co.uk,,13/9/2025
661,Leticia Heathfield,lheathfieldic@uiuc.edu,Canada,8/11/2026
662,Alan Hayzer,ahayzerid@bloomberg.com,China,16/7/2025
663,Elyn Soane,esoaneie@fastcompany.com,China,2/5/2025
664,Lidia Kliment,lklimentif@icq.com,South Africa,27/11/2025
665,Ariana Micah,amicahig@trellian.com,Indonesia,8/8/2025
666,Nealy Hallihane,nhallihaneih@huffingtonpost.com,Peru,
667,Maynord Cavan,mcavanii@ed.gov,Indonesia,12/10/2026
668,Brigg Andric,bandricij@ehow.com,Nicaragua,2/3/2026
669,Carmen Burgyn,cburgynik@businessweek.com,Portugal,
670,Artur Siemantel,asiemantelil@exblog.jp,China,
671,Etti Huzzay,ehuzzayim@ow.ly,Philippines,13/7/2025
672,Arlen Collihole,acolliholein@merriam-webster.com,China,16/6/2025
673,Giles Budnik,gbudnikio@jugem.jp,Philippines,3/12/2026
674,Dana Kiernan,dkiernanip@hc360.com,United States,7/3/2026
675,Nikos Routledge,nroutledgeiq@histats.com,China,30/11/2026
676,Debby Garbar,dgarbarir@pagesperso-orange.fr,Philippines,6/5/2025
677,Francyne Dimmick,fdimmickis@opensource.org,Guatemala,13/9/2026
678,Carma Stoute,cstouteit@alibaba.com,Ukraine,18/6/2026
679,Pearline Baldung,pbaldungiu@jugem.jp,Czech Republic,3/6/2025
680,Archaimbaud Cullrford,acullrfordiv@gov.uk,China,13/2/2026
681,Efren Eccleston,eecclestoniw@deviantart.com,,17/12/2025
682,Loreen Heffer,lhefferix@wufoo.com,Gambia,24/8/2026
683,Yulma Aleswell,yaleswelliy@mysql.com,United States,8/3/2026
684,Maximilian Wrighton,mwrightoniz@github.com,China,30/8/2026
685,Arte Corneille,acorneillej0@wikipedia.org,Indonesia,17/1/2026
686,Luci Hinzer,lhinzerj1@rediff.com,Slovenia,5/5/2025
687,Bernete Blaxeland,bblaxelandj2@psu.edu,Argentina,7/3/2026
688,Elizabet Hartropp,ehartroppj3@hexun.com,Yemen,24/10/2026
689,Brianne Hutson,bhutsonj4@irs.gov,Tanzania,16/6/2025
690,Adi Canas,acanasj5@dailymotion.com,Ukraine,7/4/2026
691,Francesca McCorry,fmccorryj6@cafepress.com,Russia,8/6/2025
692,Nikoletta Orford,norfordj7@sitemeter.com,Mexico,20/6/2026
693,Emiline Skullet,eskulletj8@mozilla.org,China,26/5/2026
694,Burgess Jacobsen,bjacobsenj9@fastcompany.com,Philippines,2/8/2025
695,Mara Spancock,mspancockja@wordpress.com,Indonesia,1/10/2026
696,Risa Learman,rlearmanjb@marketwatch.com,Philippines,2/5/2026
697,Tessi Amsberger,tamsbergerjc@tripod.com,Indonesia,20/8/2026
698,Kevyn Hatherall,khatheralljd@nbcnews.com,Colombia,23/6/2026
699,Hedi Radborn,hradbornje@wired.com,Colombia,10/4/2026
700,Gwendolin Pocklington,gpocklingtonjf@sakura.ne.jp,Brazil,13/11/2025
701,Shalne Hollibone,shollibonejg@ted.com,Guyana,2/4/2026
702,Elfreda Minto,emintojh@naver.com,Bolivia,31/7/2025
703,Gizela Sphinxe,gsphinxeji@yahoo.co.jp,Russia,15/10/2025
704,Amory Brasted,abrastedjj@hexun.com,Somalia,
705,Robinet Awin,rawinjk@newsvine.com,Brazil,15/1/2027
706,Baron Venturoli,bventurolijl@forbes.com,Brazil,17/8/2026
707,Jackson Pavkovic,jpavkovicjm@icq.com,South Africa,14/8/2025
708,Sibeal Dayne,sdaynejn@wikimedia.org,Brazil,17/6/2025
709,Ephraim Bewshire,ebewshirejo@psu.edu,Russia,26/11/2026
710,Cahra Hesey,cheseyjp@wsj.com,China,16/1/2026
711,Meryl Udden,muddenjq@twitter.com,Brazil,22/4/2026
712,Austine Souley,asouleyjr@vk.com,Philippines,26/5/2026
713,Mozes Henighan,mhenighanjs@fastcompany.com,Croatia,21/10/2026
714,Arnie Nazaret,anazaretjt@wunderground.com,Poland,
715,Morley Goodding,mgooddingju@mail.ru,Philippines,31/8/2026
716,Honoria Wyett,hwyettjv@e-recht24.de,South Africa,8/8/2025
717,Shelli Pendred,spendredjw@youku.com,Portugal,25/6/2025
718,Merralee Tawn,mtawnjx@icio.us,,4/10/2025
719,Valdemar Galbraeth,vgalbraethjy@independent.co.uk,Indonesia,22/5/2025
720,Ariana Gonnin,agonninjz@amazon.de,Lithuania,22/1/2027
721,Dino Branca,dbrancak0@cbslocal.com,Russia,5/10/2026
722,Howey Lattos,hlattosk1@posterous.com,Macedonia,23/7/2026
723,Ricki Barnsdale,rbarnsdalek2@freewebs.com,Philippines,31/3/2026
724,Barrie Tullett,btullettk3@google.de,China,17/8/2026
725,Derick Bonder,dbonderk4@dropbox.com,Sri Lanka,
726,Lyn Danzey,ldanzeyk5@craigslist.org,Portugal,22/7/2025
727,Janeva Clawley,jclawleyk6@telegraph.co.uk,Indonesia,15/10/2025
728,,ktissingtonk7@time.com,Portugal,20/9/2026
729,Ruddie Harlowe,rharlowek8@godaddy.com,China,24/12/2025
730,Erna Edgson,eedgsonk9@jiathis.com,Zambia,31/8/2026
731,Chandra Pennaman,cpennamanka@ft.com,Kuwait,17/11/2025
732,Shirl Gradon,sgradonkb@hubpages.com,Croatia,29/9/2025
733,Berti Kenningley,bkenningleykc@google.de,Sudan,30/10/2026
734,Jourdain Perutto,jperuttokd@army.mil,Indonesia,26/12/2026
735,Tomasine Chelsom,tchelsomke@jiathis.com,China,6/3/2026
736,Daniela Coda,dcodakf@usgs.gov,France,21/1/2026
737,,ldederickkg@photobucket.com,Philippines,16/1/2027
738,Darelle Burden,dburdenkh@scribd.com,Indonesia,17/3/2026
739,Aurilia Baxstair,abaxstairki@mac.com,China,23/1/2026
740,Baxie Gutans,bgutanskj@feedburner.com,Finland,25/12/2025
741,,lwindhamkk@walmart.com,Philippines,13/6/2026
742,,cpeckittkl@google.ca,Indonesia,27/9/2025
743,Leda Sturdy,lsturdykm@jiathis.com,Russia,13/10/2026
744,Alica Holgan,aholgankn@wordpress.org,Kyrgyzstan,6/8/2026
745,Tyler Yarker,tyarkerko@goo.gl,Croatia,18/12/2026
746,Ashbey Quinnell,aquinnellkp@economist.com,Spain,18/11/2026
747,,hmartyginkq@vimeo.com,Indonesia,1/6/2026
748,Bryana Dimitresco,bdimitrescokr@tinypic.com,Mexico,21/1/2027
749,Gerrie Cloonan,gcloonanks@photobucket.com,Russia,21/7/2025
750,Saul Thewless,sthewlesskt@scientificamerican.com,Indonesia,26/11/2026
751,Reiko Quinby,rquinbyku@plala.or.jp,Indonesia,18/8/2025
752,Obadiah Belshaw,obelshawkv@ftc.gov,China,17/6/2026
753,Oralle Augustus,oaugustuskw@yelp.com,Colombia,9/10/2026
754,Vicki Hanney,vhanneykx@census.gov,Sweden,13/10/2026
755,Elle McGenis,,Philippines,10/1/2026
756,Zerk Monahan,zmonahankz@rakuten.co.jp,Argentina,4/9/2026
757,Karol Laughren,klaughrenl0@blogger.com,Philippines,12/6/2025
758,Inessa Marples,imarplesl1@vk.com,Indonesia,3/10/2025
759,Sianna Twinbrow,stwinbrowl2@nytimes.com,Albania,3/11/2026
760,Pollyanna Gabler,pgablerl3@usnews.com,New Zealand,28/1/2026
761,Sanson Karpushkin,skarpushkinl4@yale.edu,Russia,10/8/2025
762,Isabeau Olsen,iolsenl5@patch.com,Afghanistan,19/1/2026
763,Woodman Gilhespy,wgilhespyl6@nasa.gov,Russia,25/2/2026
764,Murial Klaff,mklaffl7@narod.ru,Greece,3/5/2025
765,Colby Caush,ccaushl8@linkedin.com,China,21/6/2025
766,Ashely Paskins,apaskinsl9@noaa.gov,Peru,14/7/2025
767,,dvaninla@webnode.com,China,20/8/2026
768,Keir Aleksandrev,kaleksandrevlb@google.de,China,
769,Barty Pygott,bpygottlc@forbes.com,Brazil,7/7/2025
770,Emlynn Vasser,evasserld@mozilla.com,China,10/12/2025
771,Mike Maliffe,mmaliffele@whitehouse.gov,Indonesia,4/3/2026
772,Tremayne Jacques,tjacqueslf@who.int,China,5/5/2026
773,Dionisio Gittins,dgittinslg@slideshare.net,,15/6/2025
774,Lorrie Scrane,lscranelh@abc.net.au,China,15/1/2027
775,Lemar Portingale,lportingaleli@arizona.edu,Greece,4/3/2026
776,Phylis Wildber,pwildberlj@gmpg.org,China,25/10/2026
777,Web Marshall,wmarshalllk@businessweek.com,Syria,25/11/2025
778,Tiffany Featherstonhaugh,tfeatherstonhaughll@jalbum.net,Argentina,3/9/2026
779,Robbert Jervis,rjervislm@ucsd.edu,China,16/5/2025
780,Gwendolin Lynnett,glynnettln@fc2.com,Kenya,3/5/2026
781,Marnie Bleibaum,mbleibaumlo@instagram.com,China,16/11/2026
782,Eddie Baynes,ebayneslp@so-net.ne.jp,Estonia,12/3/2026
783,Bibbie Balma,bbalmalq@about.com,Chile,12/1/2026
784,Demetris Gilliatt,dgilliattlr@blog.com,China,
785,Elset Braunlein,ebraunleinls@reddit.com,Brazil,9/2/2026
786,Cassondra Dryburgh,cdryburghlt@hugedomains.com,Argentina,4/5/2025
787,Lezlie Kerins,lkerinslu@nba.com,Portugal,26/1/2027
788,Mycah Burchell,mburchelllv@wikispaces.com,China,5/4/2026
789,Linea Farnfield,lfarnfieldlw@mac.com,East Timor,2/3/2026
790,Gennifer Olivie,golivielx@yale.edu,Sweden,12/12/2026
791,Thatch Satford,tsatfordly@miibeian.gov.cn,Philippines,3/9/2026
792,Jack Toulson,jtoulsonlz@tmall.com,Colombia,20/3/2026
793,Lyman Blunsum,lblunsumm0@msu.edu,China,25/4/2026
794,Eugenie Ascrofte,eascroftem1@prweb.com,Brazil,13/1/2027
795,Jori Osanne,josannem2@oracle.com,Tunisia,16/7/2026
796,Renee Blore,rblorem3@cyberchimps.com,East Timor,9/11/2025
797,Romonda Allwright,rallwrightm4@cmu.edu,China,12/8/2026
798,Alva Jorez,ajorezm5@cloudflare.com,China,24/6/2026
799,Zonda Klimmek,zklimmekm6@discuz.net,Poland,12/1/2027
800,Dolley Standbrooke,dstandbrookem7@delicious.com,Philippines,8/1/2027
801,Alexi Windows,awindowsm8@sciencedaily.com,China,9/12/2025
802,Westbrook Florez,wflorezm9@virginia.edu,Nigeria,15/7/2025
803,Shelden Camelli,scamellima@businessweek.com,China,5/6/2026
804,Natividad Lofting,nloftingmb@fotki.com,China,25/9/2025
805,Andria McReidy,amcreidymc@dagondesign.com,Canada,14/12/2025
806,Kat Bunney,kbunneymd@naver.com,Ukraine,7/10/2026
807,Cello Hurworth,churworthme@sakura.ne.jp,Greece,29/4/2026
808,Paige Belt,pbeltmf@goodreads.com,Indonesia,1/7/2026
809,Anastassia Vermer,avermermg@cnet.com,Greece,10/2/2026
810,Tory Beeton,tbeetonmh@geocities.com,Philippines,21/12/2025
811,Yurik Aimeric,yaimericmi@gizmodo.com,Russia,30/8/2026
812,Jasmin Emmett,jemmettmj@apple.com,Cameroon,5/1/2026
813,Janeva Mizzi,jmizzimk@de.vu,Micronesia,7/9/2026
814,Elinor Tacey,etaceyml@nps.gov,Philippines,17/1/2026
815,Cherri Tomeo,ctomeomm@gnu.org,China,28/2/2026
816,Mufi Janodet,mjanodetmn@cbslocal.com,Tanzania,23/4/2026
817,Tiffie Huckett,thuckettmo@businessinsider.com,Lithuania,23/5/2025
818,Britni Semens,bsemensmp@home.pl,Ecuador,13/12/2025
819,Marcelo Dollard,mdollardmq@wp.com,Philippines,6/1/2026
820,Papageno Steabler,psteablermr@goo.ne.jp,Malawi,30/7/2025
821,Emiline Fosserd,efosserdms@amazon.de,China,15/8/2026
822,Haydon Lammerts,hlammertsmt@ibm.com,Brazil,28/4/2026
823,Mollie Ravilus,mravilusmu@51.la,Portugal,2/1/2027
824,,cbreamv@moonfruit.com,Nigeria,2/5/2026
825,Lanni Cogar,lcogarmw@gov.uk,Russia,25/8/2026
826,Roseanne Charon,rcharonmx@cdbaby.com,China,11/1/2027
827,Giorgio Hammerman,ghammermanmy@1688.com,Indonesia,23/12/2025
828,Pate Izon,pizonmz@sitemeter.com,Norway,17/11/2026
829,Betty Lansley,blansleyn0@squidoo.com,China,12/6/2026
830,Robers Waterdrinker,rwaterdrinkern1@prlog.org,Cape Verde,18/2/2026
831,Lorry Cushion,lcushionn2@mlb.com,China,10/5/2026
832,Riley Bennitt,rbennittn3@php.net,Cameroon,6/5/2026
833,Artair Ketch,aketchn4@ifeng.com,,6/10/2026
834,Augustin Lilly,alillyn5@state.gov,Jamaica,23/11/2025
835,Euphemia Townrow,etownrown6@gnu.org,Philippines,16/6/2025
836,,tcleatherown7@netvibes.com,China,10/8/2025
837,Adolpho Lamberteschi,alamberteschin8@arizona.edu,Philippines,9/11/2026
838,Dasi Renvoys,drenvoysn9@vimeo.com,Indonesia,29/9/2026
839,Jyoti Kildale,jkildalena@slideshare.net,China,27/6/2025
840,Nickolai Collingridge,ncollingridgenb@ted.com,Canada,18/6/2026
841,Jacquie Pinchin,,Dominican Republic,8/6/2026
842,Kira Scorthorne,kscorthornend@squarespace.com,China,15/12/2025
843,Hettie Klimentov,hklimentovne@economist.com,Peru,
844,Gwen Kigelman,gkigelmannf@jugem.jp,Serbia,8/12/2026
845,Harper Lindemann,hlindemannng@wikispaces.com,Israel,6/9/2026
846,Chrissy Mitcham,cmitchamnh@diigo.com,Australia,9/4/2026
847,Noell Lehenmann,nlehenmannni@rediff.com,Laos,7/1/2027
848,Cherry Rainville,crainvillenj@addthis.com,Brazil,29/5/2025
849,Freddie Kaesmans,fkaesmansnk@technorati.com,Portugal,8/2/2026
850,Ware Shiel,wshielnl@wired.com,China,10/1/2027
851,Violetta Torbet,vtorbetnm@webs.com,Chile,10/7/2025
852,,jleftridgenn@answers.com,Brazil,5/12/2025
853,Nicky Gostling,ngostlingno@ycombinator.com,Palestinian Territory,2/7/2025
854,Kaja Duran,kdurannp@t-online.de,Thailand,31/7/2026
855,Erika Chesher,echeshernq@trellian.com,Russia,7/5/2025
856,Hamlin Rawcliff,hrawcliffnr@yahoo.com,Russia,21/6/2025
857,Jonell Tookey,jtookeyns@prnewswire.com,Poland,30/11/2025
858,Roi Wasmer,rwasmernt@oakley.com,Indonesia,7/10/2026
859,Codie Onyon,conyonnu@google.es,Norway,5/12/2026
860,Veriee Anderton,vandertonnv@cbslocal.com,China,8/11/2025
861,Hanson Brooksby,hbrooksbynw@addthis.com,Indonesia,4/2/2026
862,Laurene Abeau,labeaunx@nsw.gov.au,Argentina,14/10/2026
863,Osbourn Lehrahan,olehrahanny@phoca.cz,Indonesia,9/7/2026
,Thoma Bettenay,tbettenaynz@hao123.com,Indonesia,12/3/2026
865,Stevena Edie,sedieo0@woothemes.com,Ukraine,19/5/2026
866,Darlleen Pipping,dpippingo1@mediafire.com,Cameroon,12/2/2026
867,Myrilla Klimaszewski,mklimaszewskio2@toplist.cz,Portugal,4/12/2025
868,Marthena McGrudder,mmcgruddero3@economist.com,Russia,20/9/2026
869,Mamie Harmon,mharmono4@amazonaws.com,Poland,21/11/2026
870,Winny Lissenden,wlissendeno5@spiegel.de,Slovenia,12/1/2027
871,Sherry Deble,sdebleo6@liveinternet.ru,Ecuador,
872,Shena Seivertsen,sseivertseno7@edublogs.org,Indonesia,23/10/2026
873,Robers Caban,rcabano8@japanpost.jp,Iran,9/5/2025
874,Cymbre Karlolczak,ckarlolczako9@tripadvisor.com,Portugal,19/3/2026
875,Libbie De Ath,ldeoa@ihg.com,Croatia,3/12/2026
876,Arvin Dyott,adyottob@topsy.com,Russia,20/5/2026
877,Ker Wallis,kwallisoc@harvard.edu,France,16/5/2025
878,Dolph Briddle,dbriddleod@prlog.org,Czech Republic,5/5/2025
879,Fredek Mousdall,fmousdalloe@amazonaws.com,Brazil,13/9/2025
880,Nerte Gurton,ngurtonof@cmu.edu,China,28/8/2025
881,Nathanial Crady,ncradyog@multiply.com,Peru,28/12/2025
882,Jaquenette O'Mannion,jomannionoh@twitpic.com,Thailand,4/4/2026
883,Nikolaos Siddall,nsiddalloi@infoseek.co.jp,Yemen,14/10/2025
884,Ashla Dodds,adoddsoj@rediff.com,Ukraine,15/12/2025
885,Rubie Aldie,raldieok@tumblr.com,Philippines,20/3/2026
886,Pincus Colliss,pcollissol@geocities.jp,Indonesia,5/1/2027
887,Marcia Levane,mlevaneom@php.net,Costa Rica,13/1/2026
888,,falexandreon@narod.ru,Mexico,17/11/2025
889,Kacie Grebner,kgrebneroo@cnbc.com,Brazil,28/8/2026
890,Stanton Segges,sseggesop@plala.or.jp,Bolivia,8/1/2027
891,Jedd Ben,jbenoq@marketwatch.com,Peru,18/12/2026
892,Jacquie Oates,joatesor@qq.com,Syria,23/5/2026
893,Haskel Durrell,hdurrellos@webnode.com,United States,25/1/2026
894,Orrin Verrillo,overrilloot@google.de,Philippines,18/12/2025
895,,kraggou@reverbnation.com,Iran,26/9/2025
896,Anett Zecchinii,azecchiniiov@goo.ne.jp,Indonesia,13/4/2026
897,Sigfried Spurryer,sspurryerow@senate.gov,China,24/9/2025
898,Bunnie Vasentsov,bvasentsovox@clickbank.net,Rwanda,22/3/2026
899,Gearalt Wittrington,gwittringtonoy@com.com,Brazil,13/3/2026
900,,ddanaoz@oakley.com,China,29/10/2026
901,Dasi Gudgin,dgudginp0@ocn.ne.jp,Indonesia,19/6/2025
902,Bendick Lowder,blowderp1@dagondesign.com,France,23/12/2025
903,Brocky Cowl,bcowlp2@t-online.de,Argentina,21/5/2025
904,Agnella Bleaden,ableadenp3@cnet.com,Peru,13/7/2026
905,Emmy Andreia,eandreiap4@storify.com,France,31/8/2025
906,Gene Zylbermann,gzylbermannp5@nps.gov,Poland,22/6/2025
907,Willard Malthouse,wmalthousep6@abc.net.au,Finland,14/2/2026
908,Freddy Wallbridge,fwallbridgep7@jugem.jp,Indonesia,24/9/2025
909,Wally Earnshaw,wearnshawp8@senate.gov,China,17/4/2026
910,,vzanardiip9@youku.com,France,25/8/2026
911,,vyerbypa@ebay.co.uk,,
912,Aurea Partington,apartingtonpb@slideshare.net,Portugal,26/7/2025
913,Nealson Spitaro,nspitaropc@rakuten.co.jp,Jordan,21/11/2026
914,Darice di Rocca,ddipd@elpais.com,China,15/6/2026
915,Rubin Woolfitt,,Papua New Guinea,4/6/2026
916,Hatti Gaytor,hgaytorpf@lulu.com,Indonesia,25/2/2026
917,Eleanor Dymott,edymottpg@tinyurl.com,Portugal,17/7/2025
918,Eduardo Haskins,ehaskinsph@zimbio.com,Philippines,19/10/2025
919,Jakie Penlington,jpenlingtonpi@ibm.com,Portugal,7/2/2026
920,Web Bramhill,wbramhillpj@who.int,Brazil,19/1/2027
921,Jammal Catchpole,jcatchpolepk@jalbum.net,France,30/6/2026
922,Faulkner Mogenot,fmogenotpl@tinyurl.com,Iran,20/7/2026
923,Farrand Sibley,fsibleypm@microsoft.com,France,26/5/2026
924,Ninette Fairpool,nfairpoolpn@dropbox.com,Ukraine,30/9/2026
925,Galven Durno,gdurnopo@elpais.com,Portugal,12/4/2026
926,Peirce Matterdace,pmatterdacepp@tumblr.com,Brazil,1/7/2026
927,Gabrila Ferrant,gferrantpq@people.com.cn,Syria,3/10/2025
928,Phineas Rouff,prouffpr@theguardian.com,Spain,2/8/2025
929,Margaux Cirlos,mcirlosps@ucla.edu,Libya,1/1/2026
,Angelle Trase,atrasept@usatoday.com,Albania,2/7/2026
931,Ira Menendez,imenendezpu@gravatar.com,United States,25/1/2027
932,Heather Hanaford,hhanafordpv@hp.com,Malaysia,12/12/2026
933,Lynelle Wyne,lwynepw@yandex.ru,Indonesia,19/10/2026
934,Niki Aimson,naimsonpx@hubpages.com,Sweden,27/5/2026
935,Marchall Kimmel,mkimmelpy@etsy.com,Saint Lucia,12/1/2026
936,Gustav MacCracken,gmaccrackenpz@de.vu,Philippines,8/8/2026
937,Abba Bickerdicke,abickerdickeq0@engadget.com,Indonesia,15/6/2025
938,,mbartolomucciq1@furl.net,,18/2/2026
939,Louise Daltry,ldaltryq2@nytimes.com,North Korea,14/12/2026
940,Michaella Walsom,mwalsomq3@state.tx.us,Pakistan,29/4/2026
941,Carmela Philbrook,cphilbrookq4@1und1.de,Philippines,18/10/2025
942,Marketa Jenkinson,mjenkinsonq5@wordpress.org,Russia,5/9/2025
943,Parry Atterbury,patterburyq6@icq.com,Czech Republic,15/10/2025
944,Silvie Goater,sgoaterq7@npr.org,Honduras,8/5/2025
945,Aurthur Hugo,ahugoq8@spiegel.de,China,2/11/2025
946,Binnie Sabater,bsabaterq9@accuweather.com,Dominican Republic,28/6/2025
947,Gerri Januszewicz,gjanuszewiczqa@pen.io,Peru,30/9/2026
948,Valerie D'Acth,vdacthqb@europa.eu,Uganda,13/4/2026
949,Isa Acreman,iacremanqc@ucoz.com,Portugal,30/10/2026
950,Bel Tidmas,btidmasqd@google.com.au,Portugal,8/7/2026
,Prent Busby,pbusbyqe@webnode.com,Kazakhstan,3/5/2026
952,Tamarah Mac Giany,tmacqf@adobe.com,Brazil,5/3/2026
953,Thelma Sansam,tsansamqg@example.com,Indonesia,3/6/2026
954,Lishe Denecamp,ldenecampqh@dailymotion.com,Czech Republic,13/7/2025
955,Mandie Boeter,mboeterqi@walmart.com,China,16/2/2026
956,Sharona Chanson,schansonqj@chronoengine.com,Russia,22/10/2025
957,Cyndie Lies,cliesqk@bizjournals.com,Poland,27/12/2026
958,Sterling Bessant,sbessantql@hp.com,Thailand,2/5/2026
959,Angelo Henrot,ahenrotqm@epa.gov,Iraq,16/8/2026
960,Margie M'Quharge,mmquhargeqn@tamu.edu,Indonesia,9/11/2026
961,Anet Ditts,adittsqo@redcross.org,Ethiopia,21/6/2025
962,Tess Oldknowe,toldknoweqp@theglobeandmail.com,Brazil,28/1/2027
963,Amalea Richemond,arichemondqq@dion.ne.jp,Pakistan,25/8/2025
964,Byrann Waber,bwaberqr@google.pl,Venezuela,18/10/2025
965,,kkaiserqs@simplemachines.org,Bulgaria,27/1/2026
966,Abel Harpin,aharpinqt@1und1.de,United States,25/7/2026
967,Pate Peaple,ppeaplequ@time.com,United States,20/1/2026
968,Chandal Stachini,cstachiniqv@gizmodo.com,Poland,18/8/2026
969,Guido Pryor,gpryorqw@rakuten.co.jp,Canada,9/11/2025
970,Britni Bragginton,bbraggintonqx@imgur.com,Sweden,18/5/2025
971,Aurel Okenfold,aokenfoldqy@facebook.com,Indonesia,
972,Simon Askin,saskinqz@kickstarter.com,Georgia,1/10/2026
973,Reeta Skewes,rskewesr0@fastcompany.com,China,27/9/2025
974,Antonio Gipson,agipsonr1@ftc.gov,Portugal,17/7/2025
975,Annetta Lascell,alascellr2@digg.com,Indonesia,11/1/2027
976,Olivia Bengtsson,obengtssonr3@bigcartel.com,Saudi Arabia,4/8/2026
977,Miner Corpe,mcorper4@yale.edu,Botswana,26/12/2025
978,Wilbert Laxon,wlaxonr5@joomla.org,Brazil,4/3/2026
979,Aldridge Guidera,aguiderar6@ted.com,Thailand,15/1/2026
980,Winny Reightley,wreightleyr7@accuweather.com,China,29/10/2025
981,Gibbie Mallalieu,gmallalieur8@cbslocal.com,Portugal,5/12/2025
982,Fifi Adds,faddsr9@pen.io,South Korea,19/4/2026
983,Mylo Safe,msafera@intel.com,Czech Republic,1/6/2026
984,Gavra Hitcham,ghitchamrb@hostgator.com,Yemen,29/11/2026
985,,jfenimorerc@go.com,United States,10/6/2025
986,Herbie Jervis,hjervisrd@mapy.cz,Philippines,1/8/2026
987,Kim Skace,kskacere@walmart.com,Brazil,25/12/2026
988,Keane Nell,knellrf@ebay.com,Indonesia,30/1/2027
989,Darbee Priddy,dpriddyrg@storify.com,Indonesia,23/2/2026
990,Giorgi McNaughton,gmcnaughtonrh@amazon.com,Russia,26/1/2026
991,Meredith Brice,mbriceri@umn.edu,Philippines,10/12/2026
992,Werner De Malchar,wderj@disqus.com,Argentina,14/11/2026
993,Celine Cicculi,ccicculirk@youku.com,Japan,11/10/2025
994,Jervis Rotham,jrothamrl@theglobeandmail.com,Kazakhstan,21/12/2025
995,Anatol Dimitriou,adimitriourm@hexun.com,Philippines,16/10/2025
996,Faber Dibden,fdibdenrn@buzzfeed.com,Sweden,1/11/2025
997,Tove Redfern,tredfernro@pagesperso-orange.fr,Greece,6/12/2026
,Perkin Sail,psailrp@github.io,United States,18/10/2025
999,Stacey Channing,schanningrq@state.gov,Thailand,8/6/2026
1000,Wood Gammett,wgammettrr@dailymotion.com,Poland,25/9/2026
