product_id,name,category,price
1,Cranberry Pecan Granola,Food - Breakfast Foods,3.99
2,,Kitchen,10.99
3,Coconut Granola,Food - Snacks,4.19
4,Arcade Game Machine,Gaming,299.99
5,LED Christmas Lights,Home,29.99
6,Hydration Backpack,Outdoor,39.99
7,Chia Seed Pudding Mix,Food - Breakfast,4.19
8,,Apps,24.99
9,Coconut Flakes,Food - Baking,3.29
10,Coconut Water,Food - Beverages,2.49
11,Pet Leash,Pets,15.99
12,Athletic Sports Bra,Clothing - Activewear,24.99
13,Interactive Robot Toy,Toys,34.99
14,Adjustable Window Blind,Home,49.99
15,Pet Reflective Vest,Pets,18.99
16,Peanut Butter Granola,Food - Breakfast,4.99
,Fashionable Belt Bag,Accessories,34.99
18,Sweet Pea Hummus,Food - Dips,4.29
19,Portable Massage Table,Health,199.99
20,Ramen Noodle Soup Cups,Food - Prepared Meals,1.29
21,Instant Camera,Photography,89.99
22,Electric Milk Frother,Kitchen,19.99
23,Blueberry Oatmeal Cups,Food - Breakfast,3.29
24,Organic Tomato Soup,Food - Canned Goods,3.79
25,Spicy Roasted Nuts,Food - Snacks,4.99
26,Honey Roasted Peanuts,Food - Snacks,3.19
27,Cilantro Lime Rice,Food - Grains,2.99
28,Chilli Lime Corn on the Cob,Food - Vegetable,1.99
29,Outdoor Camping Lantern,Outdoor,34.99
30,Brownie Bites,Food - Baked Goods,4.99
31,Compact Umbrella,Accessories,12.99
32,Coconut Cashew Yogurt,Food - Dairy Alternatives,1.99
33,Stylish Wide-Leg Trousers,Clothing - Bottoms,59.99
34,Children's Art Set,Toys,34.99
35,Smartphone Tripod with Bluetooth Remote,Photography,29.99
36,Scented Soy Candles,Home,19.99
37,Rustic Wooden Picture Frame,Home,19.99
38,Pecan Pie Filling,Food - Baking Goods,3.99
39,Lemon Basil Pasta Sauce,Food - Sauces,4.99
40,Mixed Berry Smoothie Pack,Food - Frozen Food,5.99
41,Cookbook,Books,27.99
42,Italian Pasta,Food - Grains,2.29
43,Orange Ginger Vinaigrette,Food - Condiments,3.99
44,Kids' Outdoor Explorer Kit,Toys,24.99
45,Pumpkin Pancake Mix,Food - Breakfast,4.19
46,Roasted Red Pepper Hummus,Food - Dips,3.49
47,Smart Thermos,Fitness,39.99
48,Essential Oils Diffuser Necklace,Health,19.99
49,Heated Throw Blanket,Home,49.99
50,Phone Case,Accessories,14.99
51,Deep Tissue Massage Gun,Health,89.99
52,Eggs (dozen),Food - Dairy,2.99
53,Rechargeable Battery Organizer,Home,17.99
54,Classic Bagels,Food - Bakery,2.99
55,LED Christmas Tree Lights,Home,34.99
56,Asian Noodle Salad Kit,Food - Salads,4.99
57,Organic Vanilla Bean Ice Cream,Food - Frozen Desserts,5.99
58,Chocolate Coconut Protein Balls,Food - Snacks,2.99
59,Red Lentils,Food - Grains,1.99
60,Blueberry Chia Jam,Food - Spreads,4.99
61,Pumpkin Spice Muffins,Food - Bakery,3.99
62,Savory Oatmeal Cups,Food - Breakfast,1.99
63,Dark Chocolate Almond Butter Cups,Food - Snacks,4.99
64,Puzzle Game Set,Toys,34.99
65,Solar Garden Lights,Outdoor,39.99
66,Biodegradable Dog Waste Bags,Pets,14.99
67,Wireless Charger,Accessories,24.99
68,Tattoo Kit,Art Supplies,99.99
69,Classic Cheeseburger Mix,Food - Meats,5.49
70,Vegetable Lasagna,Food - Frozen Foods,6.99
71,Wireless HDMI Receiver,Electronics,49.99
72,Hiking Gaiters,Outdoor,29.99
73,Rustic Wooden Picture Frame,Home,19.99
74,Reversible Comforter Set,Home,89.99
75,,Food - Prepared Foods,8.99
76,Sweet and Sour Sauce,Food - Condiments,2.79
77,Vegetable Potstickers,Food - Frozen Food,5.99
78,Beef Jerky,Food - Snacks,5.99
79,Ice Cube Tray with Lid,Kitchen,10.99
80,Air Mattress,Outdoor,49.99
81,Portable Jump Starter,Automotive,59.99
82,Mediterranean Couscous,Food - Grains,3.59
83,Magnetic Screen Door,Outdoor,24.99
84,Smart Scale,Health,59.99
85,,Smart Home,169.99
86,Educational STEM Kit,Toys,35.99
87,Granola Cereal,Food - Breakfast,4.49
88,Savory Pumpkin Soup,Food - Soups,3.89
89,Honey Roasted Almonds,Food - Snacks,4.99
90,Personal Blender with Travel Cup,Kitchen,39.99
91,Silicone Stretch Lids,Kitchen,14.99
92,Dried Apricots,Food - Dried Fruits,3.79
93,Wireless Induction Charger,Electronics,19.99
94,Magnet Travel Fridge Magnets,Accessories,12.99
95,Wall-Mounted Organizer,Home,34.99
,Spinach Feta Wraps,Food - Deli,4.29
97,Home Cleaning Robot,Home Appliances,249.99
98,Faux Fur Coat,Clothing - Coats,129.99
99,Sesame Garlic Stir-Fry Sauce,Food - Sauces,2.79
100,Tortilla Chips,Food - Snacks,2.99
101,Pet Bed,Pets,39.99
102,Craft Beer Mustard,Food - Condiments,3.99
103,Yoga Wheel,Fitness,34.99
104,Phone Screen Protector,Accessories,12.99
105,Chipotle Black Bean Burger,Food - Meats,4.99
106,Almond Crunch Granola Bars,Food - Snacks,3.49
107,Truffle Parmesan Fries,Food - Snacks,4.99
108,Peanut Butter Banana Smoothie Mix,Food - Beverages,4.49
109,Wireless Security Camera,Home,109.99
110,Electric Skillet,Kitchen,49.99
111,Garlic Parmesan Wings,Food - Frozen Foods,8.99
112,Indestructible Dog Toy,Pets,15.99
113,Snap-On Tupperware Set,Kitchen,34.99
114,Chickpea Snack Mix,Food - Snacks,3.49
115,,Smart Home,34.99
116,Pineapple Salsa,Food - Condiments,4.29
117,V-Neck Sweater,Clothing - Tops,49.99
118,Wooden Blocks,Toys,24.99
119,Smartphone Camera Lens Kit,Photography,19.99
120,Coconut Chia Pudding,Food - Dairy,3.49
121,Watercolor Brush Pens,Art Supplies,19.99
122,Berries Medley,Food - Produce,6.99
123,Maple Pecan Oatmeal Cookies,Food - Bakery,3.99
124,Roasted Vegetable Medley,Food - Frozen Foods,3.99
125,Veggie Burger Patties,Food - Meat Substitutes,5.99
126,Organic Tomato Soup,Food - Canned Goods,3.79
127,Adjustable Kneeling Pad,Garden,18.99
128,Insulated Coffee Mug,Kitchen,24.99
129,Memory Foam Mattress Pad,Home,69.99
130,Sun-Dried Tomato Pesto,Food - Condiments,4.49
131,Indian Curry Sauce,Food - Condiments,
132,Yoga Strap,Fitness,12.99
133,Almond Coconut Granola,Food - Breakfast Foods,3.99
134,Rechargeable Hand Warmer,Accessories,22.99
135,Yoga Strap,Fitness,12.99
136,Pasta Maker Machine,Kitchen,59.99
137,Portable Water Filter,Outdoor,29.99
138,Pork Chops,Food - Meat,9.49
139,Trackpad for Laptop,Accessories,49.99
140,High-Speed Blender,Kitchen,99.99
141,Travel Hair Straightener,Beauty,29.99
142,Smartphone Photography Ring Light,Photography,29.99
143,Adjustable Height Standing Desk Converter,Office,89.99
144,Electric Screwdriver,Tools,59.99
145,Rice Cakes,Food - Snacks,2.29
146,Lightweight Travel Backpack,Travel,39.99
147,Stainless Steel Mixing Bowls,Kitchen,29.99
148,Salsa Verde,Food - Condiments,3.49
149,,Clothing - Footwear,99.99
150,Personal Blender with Travel Cup,Kitchen,39.99
151,Essential White Button-Up,Clothing - Shirts,44.99
152,Infrared Thermometer,Health,39.99
153,Sushi Rice,Food - Grains,3.99
154,Summer Tank Dress,Clothing - Dresses,39.99
155,Ricotta Cheese,Food - Dairy,4.99
156,Caribbean Jerk Marinade,Food - Marinades,3.79
157,Fridge Magnet Set,Home,15.99
158,Whole Grain Hamburger Buns,Food - Bakery,2.69
159,Pet Camera with Treat Dispenser,Pets,149.99
160,Bird Feeder,Outdoor,24.99
161,,Pets,39.99
162,Non-Stick Crepe Pan,Kitchen,29.99
163,Frozen Salmon Filets,Food - Seafood,12.99
164,Siphon Coffee Maker,Kitchen,49.99
165,Kale & Quinoa Salad Mix,Food - Salads,4.49
166,Spicy Avocado Salsa,Food - Condiments,4.49
167,High-Speed Blender,Kitchen,99.99
168,Red Lentils,Food - Grains,1.99
169,Chocolate Fudge Brownie Mix,Food - Baking,2.99
170,Whole Grain Cereal,Food - Breakfast,3.49
171,Non-Stick Baking Sheet,Kitchen,18.99
172,Pineapple Coconut Bars,Food - Snacks,3.79
173,Travel Organizer,Travel,22.99
174,Honey Lemon Tea,Food - Beverages,3.29
175,Rainbow Veggie Chips,Food - Snacks,3.29
176,Ethical Wool Scarf,Clothing - Accessories,29.99
177,Personalized Keychain,Accessories,10.99
178,Artisan Bread,Food - Bakery,4.59
179,Mechanical Keyboard,Computers,99.99
180,Basil Lemonade,Food - Beverages,2.99
181,Oven-Baked Cheese Crisps,Food - Snacks,3.99
182,,Food - Snacks,6.99
183,Tomato Basil Soup,Food - Canned Goods,3.49
184,Pumpkin Seeds,Food - Snacks,2.79
185,Organic Green Tea,Food - Beverages,4.29
186,Herbal Tea Variety Pack,Food - Beverages,4.99
187,Handheld Garment Steamer,Home,34.99
188,Woven Storage Baskets,Home,24.99
189,,Home,34.99
190,Classic White T-Shirt,Clothing - Tops,19.99
191,Marinara Parmesan Baked Ziti,Food - Frozen Meals,8.49
192,Warm Wool Sweater,Clothing - Tops,59.99
193,Graphic Sweatshirt,,34.99
194,Peanut Butter Granola,Food - Breakfast,4.99
195,Organic Baby Spinach,Food - Produce,2.99
196,Nutty Quinoa Salad,Food - Salads,4.99
197,Mechanical Pencil Set,Office,19.99
198,Raspberry Limeade,Food - Beverages,1.99
199,Chocolate Chip Cookie Dough,Food - Baking,5.49
200,Smart Plug,Smart Home,19.99
201,Vegetable Medley,Food - Produce,2.99
202,Lemon Herb Quinoa,Food - Grains,3.49
203,,Audio,39.99
204,Ceramic Planter Set,Home,39.99
205,Black Bean Soup,Food - Soups,3.49
206,Balsamic Vinaigrette,Food - Dressings,2.69
207,Glass Food Containers,Kitchen,34.99
208,Self-Stirring Mug,Kitchen,19.99
209,Cranberry Juice,Food - Beverages,3.69
210,Smartphone Camera Lens Kit,Photography,19.99
211,Energy Protein Bars,Food - Snacks,2.29
,Watercolor Brush Pens,Art Supplies,19.99
213,Electric Kettle,Kitchen,39.99
214,Maple Almond Granola,Food - Breakfast,5.49
215,Scent Diffuser,Home,34.99
216,Infrared Space Heater,Home Appliances,99.99
217,Wrist Support Brace,Health,19.99
218,,Food - Bakery,6.49
,Protein Pancake Mix,Food - Breakfast,3.99
220,Rustic Wooden Picture Frame,Home,19.99
221,Toilet Paper (12 rolls),Food - Household,8.99
222,Ramen Noodles,Food - Pasta,0.99
223,Foot Massager,Health,79.99
224,Bluetooth Headphones,Audio,79.99
225,Blender Bottle,Fitness,12.99
226,Baked Potato Chips,Food - Snacks,2.49
227,Creative Puzzle Game,Toys,19.99
228,Granola,Food - Breakfast,4.79
229,Kids' Gardening Tools Set,Toys,22.99
230,Vegetable Fried Rice,Food - Frozen Foods,4.99
231,Foldable Electric Scooter,Outdoor,349.99
232,Wrist Support Brace,Health,19.99
233,Instant Read Meat Thermometer,Kitchen,24.99
234,Smartphone Holder for Car,Automotive,14.99
235,Pet Travel Backpack Carrier,Pets,49.99
236,Pet Carrier Backpack,Pets,39.99
237,,Home Appliances,249.99
238,Ice Cream Maker,Kitchen,79.99
239,Tahini,Food - Condiments,5.49
240,Pumpkin Spice Pancake Mix,Food - Breakfast,3.49
,Weighted Blanket for Adults,Health,59.99
242,Smartphone Holder for Car,Automotive,14.99
243,Chipotle Black Bean Salad,Food - Salads,3.29
244,Lightweight Workout Tank,Clothing - Activewear,29.99
245,Wrap Jumpsuit,Clothing - Jumpsuits,54.99
246,Vegan Mayonnaise,Food - Condiments,4.49
247,Vegan Mac & Cheese,Food - Frozen,8.99
248,Chickpea Salad Deluxe,Food - Produce,4.29
249,Handmade Soap Making Kit,Crafts,34.99
250,Artisan Flatbreads,,2.99
251,Smartphone Gimbal Stabilizer,Photography,89.99
252,,Food - Grains,3.99
253,Coloring Books for Adults,Books,14.99
254,Pepperoni Pizza Roll-Ups,Food - Frozen Foods,5.99
255,Survival Gear Kit,Outdoor,59.99
,Beard Grooming Kit,Grooming,34.99
257,Black Bean Spaghetti,Food - Pasta,3.99
258,Foot Spa Bath Massager,Health,59.99
259,Smart Water Bottle with Hydration Reminder,Fitness,39.99
260,Berry Smoothie Mix,Food - Frozen Foods,
261,Balsamic Vinegar,Food - Condiments,4.99
262,Sweet Potato Fries,Food - Frozen Foods,3.99
263,Pet Carrier Backpack,Pets,39.99
264,BBQ Lentil Chips,Food - Snacks,3.49
265,Canned Sardines,Food - Seafood,3.29
266,Kids' Crafting Station,Toys,
267,Casual Long Cardigan,,45.99
268,Two-Tier Fruit Basket,Home,29.99
269,Foam Muscle Roller,Fitness,24.99
270,Glass Tea Pot,Kitchen,34.99
271,Comfort Flats,Clothing - Shoes,44.99
272,Black Bean Spaghetti,Food - Pasta,3.99
273,,Food - Cooking Oil,6.99
274,Chicken Broth,Food - Canned Goods,2.49
275,Lasagna Noodles,Food - Pasta,1.89
276,Tomato Paste,Food - Canned Goods,1.29
277,Luxury Bathrobe,Clothing,49.99
278,Digital Wireless Meat Thermometer,Kitchen,39.99
279,Chickpea Pasta,Food - Pasta,4.19
280,Wireless HDMI Receiver,Electronics,49.99
281,Leather Wallet,Accessories,49.99
,Spicy Roasted Nuts,Food - Snacks,4.99
283,Roasted Garlic Butter,Food - Condiments,3.29
284,Smart LED Desk Lamp,Office,39.99
285,Fruit and Nut Bars,Food - Snacks,1.99
286,Wireless Wi-Fi Extender,Electronics,49.99
287,Mini Indoor Hydroponic Garden,Garden,59.99
288,Garlic Herb Grilled Chicken,Food - Frozen Foods,8.99
289,Glass Food Containers,Kitchen,34.99
290,Car Diagnostic Scanner,,49.99
291,Portable Projector,Electronics,199.99
292,Almond Joy Munch Bars,Food - Snacks,1.39
293,Travel Orthopedic Pillow,Travel,24.99
294,Fitness Balance Ball,Fitness,24.99
295,Set of Silicone Baking Molds,Kitchen,15.99
,Sliced Ham,Food - Meat,5.49
297,,Food - Breakfast,4.99
298,Waffle Maker,Kitchen,39.99
299,Infrared Thermometer Gun,Health,29.99
300,,Food - Meat,8.49
301,Peach Yogurt,Food - Dairy,1.29
302,Strawberry Fruit Spread,Food - Jams & Jellies,3.59
303,Smart Plug,Smart Home,19.99
304,Nutritional Yeast,Food - Pantry,3.59
305,Coconut Flakes,Food - Baking,3.29
,Homestyle Chicken Noodle Soup,Food - Canned Goods,2.99
307,Beef Stew Meat,Food - Meat,5.99
308,Almond Flour Biscuits,Food - Bakery,
309,Honey-Balsamic Vinaigrette,Food - Dressing,3.39
310,Digital Alarm Clock,Home,19.99
311,Almond Butter,Food - Condiments,6.49
312,Eggs (dozen),Food - Dairy,2.99
313,Electric Kettle,Kitchen,39.99
314,,Health,29.99
315,Vintage Graphic Tee,Clothing - Tops,25.99
316,,Food - Grains,2.99
317,Cinnamon Ice Cream,Food - Frozen Desserts,4.99
318,Handmade Soap Making Kit,Crafts,34.99
319,High-Speed HDMI Cable,Electronics,12.99
320,Homestyle Chicken Noodle Soup,Food - Canned Goods,2.99
321,Organic Whole Wheat Flour,Food - Baking Goods,2.99
322,Mediterranean Chickpea Bowl,Food - Prepared Foods,6.49
323,Organic Black Beans,Food - Canned Goods,1.29
324,Shoe Organizer,Home,39.99
325,Adjustable Kneeling Pad,Garden,18.99
326,Pet Safety Harness,Pets,24.99
327,Biodegradable Dog Waste Bags,Pets,
328,Maple Almond Butter,Food - Nut Butters,5.49
329,Vegan chocolate chip cookies,Food - Bakery,4.79
330,Bodyweight Resistance Bands,Fitness,22.99
331,Organic Green Tea,Food - Beverages,4.29
332,Plant Watering Spikes,Garden,12.99
333,Honey Garlic Shrimp,Food - Seafood,8.49
334,Underwater Camera,Photography,199.99
335,Ankle Boots,Clothing - Footwear,89.99
336,Black Olives,Food - Canned Goods,1.99
337,Oven-Baked Sweet Potato Fries,Food - Frozen Foods,3.99
338,Couscous,,
339,Pocket Blanket,Outdoor,24.99
340,Classic Cheeseburger Mix,Food - Meats,5.49
341,Chocolate Mint Cookies,Food - Baking,2.29
,Foldable Picnic Table,Outdoor,49.99
343,Inflatable Pool Float,Outdoor,29.99
344,Mushroom Soup (canned),Food - Canned Goods,2.49
345,Pineapple Chunks (canned),Food - Fruits,2.29
346,Spicy Italian Sausage,Food - Meat & Seafood,4.99
347,Vegetable Potstickers,Food - Frozen Food,5.99
348,Olive Oil,Food - Condiments,7.99
349,Adjustable Bar Stools,Furniture,
350,Picnic Blanket,Outdoor,29.99
351,Roasted Garlic,Food - Condiments,4.29
352,Pretzel Bites,Food - Snacks,4.99
353,Almond Milk,Food - Dairy,3.29
354,Vegetable Lentil Soup,Food - Canned Goods,3.49
355,Inspirational Wall Art,Home,24.99
356,Pear and Gorgonzola Salad,Food - Salads,5.49
357,Ethically-Sourced Coffee Beans,Food - Beverages,9.99
358,Lemonade Mix,Food - Beverages,1.99
359,Mushroom Soup (canned),Food - Canned Goods,2.49
360,Chicken Broth,Food - Canned Goods,2.49
361,Baked Mac and Cheese,Food - Frozen Foods,5.99
362,Digital Bullet Journal,Apps,24.99
363,Roasted Garlic Butter,Food - Condiments,3.29
364,Chocolate Syrup,Food - Condiments,2.99
365,Almond Flour Brownies,Food - Baking,5.99
366,Portable Laptop Table,Office,39.99
367,Desk Lamp with USB Port,Office,29.99
368,Fridge Magnet Set,Home,15.99
369,Educational STEM Kit,Toys,35.99
370,Garlic Herb Marinade,Food - Marinades,3.29
371,Vegetable Stir-Fry Kit,Food - Produce,6.99
372,Kids' Educational Tablet,Electronics,129.99
,Ricotta Cheese,Food - Dairy,4.99
374,Vegetable Quinoa Bowl,Food - Frozen Meals,5.99
375,Slim Fit Chinos,Clothing - Pants,54.99
376,Travel Yoga Mat,Fitness,34.99
377,Graphic Print Leggings,Clothing - Activewear,29.99
378,Tomato Basil Pasta Sauce,Food - Sauces,3.99
379,Nutritional Yeast,Food - Pantry,3.59
380,Chickpea Salad Deluxe,Food - Produce,4.29
381,Buffalo Chicken Wraps,Food - Prepared Meals,5.99
382,Wire Shelving Unit,,69.99
383,Magnetic Puzzle Board,Toys,24.99
384,LED Strip Lights Kit,Home,29.99
385,Homemade Salsa,Food - Condiments,3.79
386,Organic Apples,Food - Produce,1.89
387,Lockable Bicycle Chain,Outdoor,19.99
388,Bluetooth Car Adapter,Automotive,24.99
389,Peas (frozen),Food - Frozen Foods,1.89
390,Emergency Preparedness Kit,Safety,
391,Tomato Basil Soup,Food - Canned Goods,3.49
392,Nordic Berry Smoothie,Food - Frozen Foods,3.99
393,Smartphone Camera Lens Kit,Photography,19.99
394,Wireless Earbuds,Audio,69.99
395,Sliced Bell Peppers,Food - Fresh Produce,3.99
396,Sesame Garlic Stir-Fry Sauce,Food - Sauces,2.79
397,Baby Safety Corner Guards,Baby,9.99
398,Foam Roller for Muscle Recovery,Fitness,29.99
399,Gaming Headset,Gaming,69.99
400,Chocolate Raspberry Tart,Food - Bakery,9.99
401,Dried Mango Slices,Food - Snacks,3.49
402,Lightweight Backpacking Tent,Outdoor,129.99
403,Smartphone Stand,,15.49
404,Lockable Bicycle Chain,Outdoor,19.99
405,LED Flashing Pet Collar,Pets,14.99
406,,Health,14.99
407,Sweet Potato Chips,Food - Snacks,2.99
408,Whole Grain Cereal,Food - Breakfast,3.49
409,Pork Tenderloin,Food - Meat,10.99
410,Digital Alarm Clock,Home,19.99
411,Basic V-Neck T-Shirt,Clothing - Tops,19.99
412,Magnetic Spice Containers,Kitchen,24.99
413,,Food - Spices,1.99
414,Pumpkin Waffles,Food - Breakfast,4.49
415,High-Low Hem Tee,Clothing - Tops,22.99
416,Over-The-Door Shoe Organizer,Home,25.99
417,Smoked Salmon,Food - Seafood,14.99
418,Nordic Berry Smoothie,Food - Frozen Foods,3.99
419,Coconut Water,Food - Beverages,2.49
420,Adjustable Pet Feeder,Pets,39.99
421,Siphon Coffee Maker,Kitchen,49.99
422,,Kitchen,39.99
423,Ground Turkey,Food - Meat,5.49
424,Inspirational Wall Art,Home,24.99
425,Honey Sriracha Chicken Bites,Food - Frozen Foods,7.99
426,Water Bottle with Built-in Fruit Infuser,Fitness,18.99
427,Photo Album,Home,24.99
428,Sliced Provolone Cheese,Food - Dairy,3.99
429,Coconut Flakes,Food - Baking,3.29
430,Whole Wheat Pasta,Food - Grains,2.49
431,Luminous Night Light,Home,15.99
432,Graphic Sweatshirt,Clothing - Tops,34.99
433,Chili Con Carne Mix,Food - Spices & Seasonings,2.99
434,Pineapple Coconut Yogurt,Food - Dairy,4.49
435,Multi-Function Meat Tenderizer,Kitchen,19.99
436,LED Under Cabinet Lighting,Home,29.99
437,Folding Exercise Bike,Fitness,199.99
438,Chino Shorts,Clothing - Bottoms,34.99
,Elderberry Syrup,Food - Supplements,11.99
440,Home Delivery Food Journal,Health,14.99
441,Children's Educational Puzzle,Toys,19.99
442,LED Flashlight,Outdoor,19.99
443,,Office,299.99
444,Hiking Water Bottle with Filter,Outdoor,29.99
,Fitbit Activity Tracker,Fitness,99.99
446,High-Quality Yoga Block,Fitness,12.99
447,,Food - Beverages,4.99
448,Coffee Maker,Kitchen,89.99
,Spicy Chicken Wings,Food - Meat,9.99
450,Baby Safety Corner Guards,Baby,9.99
451,Belted Trench Coat,Clothing - Outerwear,89.99
,Wild Rice & Quinoa Mix,Food - Grains,2.99
453,Cucumber Relish,Food - Condiments,3.39
454,Rainbow Veggie Chips,Food - Snacks,3.29
455,Whole Grain Hamburger Buns,Food - Bakery,2.69
,Cinnamon Sugar Popcorn,Food - Snacks,2.89
457,,Toys,22.99
458,Rustic Italian Breads,Food - Bakery,3.99
459,Truffle Parmesan Fries,Food - Snacks,4.99
460,Beef Stroganoff Meal Kit,Food - Frozen Meals,12.99
461,Spinach and Feta Stuffed Chicken Breast,Food - Meat,8.99
462,Fitness Tracker,Fitness,49.99
463,Jennifer's Amazing Lip Balm Kit,Beauty,22.99
464,Stainless Steel BBQ Grill Set,Outdoor,49.99
465,Fruit Infuser Water Bottle,Fitness,15.99
466,Mediterranean Couscous Salad,Food - Salads,5.49
467,Carrot and Celery Sticks,Food - Produce,2.99
468,,Food - Frozen Foods,3.99
469,Chocolate Chip Cookie Mix,Food - Baking,2.49
470,Tomato Sauce,Food - Canned Goods,2.79
471,Almond Flour Bread Mix,Food - Baking,4.89
472,Organic Spinach,Food - Produce,2.99
473,Chic Jumpsuit,Clothing - Jumpsuits,89.99
474,Sliced Cheese,Food - Dairy,4.49
475,Pet Travel Bed,Pets,26.99
476,Smoked Gouda Cheese,Food - Dairy,5.49
477,Creamy Ranch Dressing,Food - Dressings,2.49
478,Balsamic Salad Dressing,Food - Deli,2.99
479,Bamboo Charcoal Air Purifier Bags,Home,12.99
480,Oven-Baked Cheese Crisps,Food - Snacks,3.99
481,Non-Stick Grill Pan,Kitchen,39.99
482,Pumpkin Pancake Mix,Food - Breakfast,4.19
483,Blackberry Compote,Food - Condiments,5.29
484,Teriyaki Beef Jerky,Food - Snacks,5.49
485,Smart LED Desk Lamp,Office,39.99
486,Organic Sweet Potatoes,Food - Produce,1.99
487,Crispy Tofu Bites,Food - Protein,4.99
488,Garlic Herb Marinade,Food - Marinades,3.29
489,Paprika,Food - Spices,1.79
490,Sriracha Chili Sauce,Food - Condiments,2.79
491,Nutty Trail Mix,Food - Snacks,4.29
492,Wooden Kitchen Utensil Set,Kitchen,19.99
493,Fashionable Scarves Set,Clothing,24.99
494,,Food - Desserts,4.99
495,Kids' Educational Tablet,Electronics,129.99
496,Savory Pumpkin Soup,Food - Soups,3.89
497,Cordless Electric Screwdriver,Tools,39.99
498,Multi-Function Meat Tenderizer,Kitchen,19.99
499,Butternut Squash Ravioli,Food - Frozen Foods,6.29
500,Outdoor Adventure Kit,Outdoor,89.99
501,Classic Slim Fit Shirt,Clothing - Shirts,49.99
502,Eco-Friendly Yoga Blocks,Fitness,15.99
503,Fresh Lemons,Food - Fresh Produce,0.75
504,Memory Card,Storage,15.99
505,Cabbage,Food - Produce,1.29
506,Savory Oatmeal,Food - Breakfast,2.49
507,Portable Jump Starter,Automotive,59.99
508,Cauliflower Crust Pizza,Food - Freezer,7.99
509,Oats,Food - Grains,3.29
510,Rechargeable Electric Toothbrush,Health,49.99
511,Ergonomic Mouse Pad with Wrist Support,Office,14.99
512,,Food - Snacks,3.49
513,Portable Pet Stroller,Pets,89.99
514,Honey-Balsamic Vinaigrette,Food - Dressing,3.39
515,,Books,27.99
516,Flavored Instant Oatmeal,Food - Breakfast,2.99
517,Spinach and Feta Wraps,Food - Prepared Foods,4.99
518,Mayonnaise,Food - Condiments,3.29
519,Pet Grooming Kit,Pets,39.99
520,Fitness Balance Ball,Fitness,
521,Saffron Rice Mix,Food - Grains,2.99
522,Curried Lentil Salad,Food - Salads,4.29
523,Cabbage,Food - Produce,1.29
524,Almond Butter Cookies,Food - Snacks,4.49
525,Cheddar Cheese Slices,Food - Dairy,3.49
526,Vegetable Curry,Food - Frozen Foods,5.99
527,Portable Dog Water Bottle,Pets,18.99
528,Coconut Curry Sauce,Food - Sauces,3.89
529,Classic Slim Fit Shirt,Clothing - Shirts,49.99
530,Interchangeable Watch Bands,Accessories,24.99
531,Frozen Pizza,Food - Frozen Foods,7.99
532,Hummus Trio Pack,Food - Snacks,5.49
533,Children's Science Experiment Lab Kit,Toys,29.99
534,Beef Taco Skillet,Food - Meal Kits,8.49
535,Honey Lemon Tea,Food - Beverages,3.29
536,Sourdough Bread,Food - Bakery,4.99
537,Maple Cinnamon Granola Bars,Food - Snacks,3.49
538,Almond Butter Cups,Food - Snacks,3.29
539,Compact Folding Table,Outdoor,49.99
540,Coconut Cream Pie Yogurt,Food - Dairy Alternatives,1.99
541,Leather Wallet,Accessories,49.99
542,French Onion Dip,Food - Condiments,2.99
543,Turmeric Ginger Tea,Food - Beverages,3.29
544,Brazil Nuts,Food - Nuts,10.99
,Ultraviolet Phone Sanitizer,Health,39.99
546,Mini Waffle Maker,Kitchen,24.99
547,Garden Vegetable Soup,Food - Canned Goods,3.29
548,Recipe Book Stand,Kitchen,
549,Falafel Mix,Food - Baking & Cooking,2.79
550,Peach Slices (canned),Food - Canned Goods,2.49
551,Coconut Milk Yogurt,Food - Dairy Alternatives,2.99
552,Vegan Chickpea Salad,Food - Prepared Foods,3.99
553,Board Game Storage,Toys,19.99
554,Fitness Tracker,Fitness,49.99
555,Cranberry Almond Cookies,Food - Bakery,4.29
556,Pet Grooming Kit,Pets,39.99
557,Set of Herb Garden Markers,Garden,8.99
558,Ergonomic Mouse Pad with Wrist Support,Office,14.99
559,Stainless Steel Grater,Kitchen,14.99
560,Roasted Garlic Pasta Sauce,Food - Sauces,4.99
561,Eggs (dozen),Food - Dairy,2.99
562,Garden Vegetable Soup,Food - Canned Goods,3.29
563,Peanut Butter Chocolate Chip Bars,Food - Snacks,4.59
564,Magnetic Chess Set,Toys,19.99
565,Chocolate Raspberry Tart,Food - Bakery,9.99
566,Pet Training Clicker,Pets,5.99
567,Reusable Snack Bags,Kitchen,14.99
568,Carrot Ginger Soup,Food - Soups,4.29
569,,Food - Snacks,3.29
570,Pretzel Bites,,4.99
571,Kale Chips,Food - Snacks,3.99
572,Smart Light Bulbs,Smart Home,34.99
573,Indoor Grill,Kitchen,59.99
,Electric Rice Cooker with Steamer,Kitchen,49.99
575,Self-Adhesive Wallpaper,Home,34.99
576,Smart Light Bulbs,Smart Home,34.99
577,Baking Powder,Food - Baking Goods,1.79
578,Coconut Milk,Food - Canned Goods,2.49
579,Tomato Basil Soup,Food - Canned Goods,3.49
580,Wireless Music Receiver,Audio,19.99
581,Radish Chips,Food - Snacks,2.89
582,Garden Hoses with Expandable Features,Garden,34.99
583,LED Table Lamp,Home,29.99
584,Skincare Fridge,Beauty,39.99
585,Travel Luggage Scale,Travel,14.99
586,Elderberry Syrup,Food - Supplements,11.99
587,Soft Plush Throw Blanket,Home,29.99
588,Spinach and Ricotta Ravioli,Food - Pasta,6.49
589,Hot Dog Buns,Food - Bakery,2.49
590,Mini Projector,Electronics,169.99
591,Pepperoni Pizza Roll-Ups,Food - Frozen Foods,5.99
592,Chocolate Hazelnut Granola,Food - Cereal,
593,Frozen Cauliflower Rice,Food - Frozen Foods,2.99
594,Brazil Nuts,Food - Nuts,10.99
595,Chicken Breasts,Food - Meat,9.99
596,Whole Grain Hamburger Buns,Food - Bakery,2.69
597,Apple Cinnamon Oatmeal,Food - Breakfast,2.89
598,Lightweight Travel Backpack,Travel,39.99
599,Peanut Butter Pretzel Nuggets,Food - Snacks,3.29
600,,Food - Snacks,3.49
601,Brussels Sprouts,Food - Produce,3.49
602,Electric Food Slicer,Kitchen,99.99
603,Cajun Seasoning,Food - Spices,1.99
604,Portable Jump Starter,Automotive,59.99
605,Himalayan Pink Salt,Food - Condiments,1.99
606,Thermostatic Shower Valve Kit,Bathroom,39.99
607,Adjustable Yoga Mat Strap,Fitness,14.99
608,Comfortable Jogger Pants,Clothing - Bottoms,29.99
609,Teriyaki Stir-Fry Sauce,Food - Condiments,3.49
610,Roasted Red Pepper Sauce,Food - Sauces,3.29
611,Silicone Ice Cube Tray,Kitchen,10.99
612,Raspberry Vanilla Greek Yogurt,Food - Dairy,3.49
613,Green Tea Matcha Powder,Food - Beverages,15.99
614,Laptop Backpack,Accessories,69.99
615,Organic Tomato Soup,Food - Canned Goods,3.79
616,Portable Laptop Table,Office,39.99
617,Lemon Garlic Shrimp,Food - Seafood,8.99
618,Portable Hand Warmer,Accessories,24.99
619,Compact Portable Grill,Outdoor,79.99
,Cabbage Slaw Mix,Food - Vegetables,2.29
621,Bamboo Memory Foam Pillow,Home,34.99
622,Chocolate Chip Energy Balls,Food - Snacks,3.99
623,Chocolate Dipped Fruit,Food - Snacks,5.99
624,Emergency Preparedness Kit,Safety,99.99
625,Premium Flashlight,Outdoor,19.99
626,Baking Soda,Food - Baking,0.99
627,Maple Cinnamon Almonds,Food - Nuts,4.29
628,Toilet Paper (12 rolls),Food - Household,8.99
629,Wireless Car Charger,Automotive,24.99
630,Portable USB-C Monitor,Electronics,199.99
631,Cinnamon Raisin Bagels,Food - Bakery,4.19
632,Patterned Knit Scarf,Clothing - Accessories,25.99
633,Zesty Garlic Hummus,Food - Snacks,3.99
634,Handmade Wooden Utensil Set,Kitchen,24.99
635,Personal Blender with Cups,Kitchen,34.99
636,Oven Mitts with Pocket,Kitchen,19.99
637,Chickpea Pasta,Food - Pasta,4.19
638,Inflatable Pool Float,Outdoor,
639,Puzzle,Toys,27.99
640,Reusable Snack Bags,Kitchen,14.99
641,Personal Security Alarm Keychain,Safety,10.99
642,Garlic Breadsticks,Food - Sides,3.49
643,Organic Blueberries,Food - Fruits,5.49
644,Oven Mitts with Pocket,Kitchen,19.99
,Organic Almonds,Food - Nuts,8.99
646,Garden Kneeler and Seat,Garden,39.99
647,,Food - Seafood,3.29
648,Dried Fruit Medley,Food - Snacks,5.49
649,Almond Butter Crunch Bar,Food - Snacks,
650,Athletic Sports Bra,Clothing - Activewear,24.99
651,Cheddar & Bacon Potato Skins,Food - Frozen,7.49
652,Classic Black Trousers,Clothing - Pants,54.99
653,Professional Chef Knife,Kitchen,89.99
654,Flavored Instant Oatmeal,Food - Breakfast,2.99
655,Travel Orthopedic Pillow,Travel,24.99
656,Artisan Flatbreads,Food - Bakery,2.99
657,Grapes (red),Food - Produce,3.49
658,Almond Joy Snack Bars,Food - Snacks,2.99
,Outdoor Mosquito Repellent Lantern,Outdoor,34.99
660,Mobile Workbench,Tools,199.99
661,Portable Speaker Stand,Audio,39.99
662,Digital Food Thermometer,Kitchen,19.99
663,Fruit and Nut Medley,Food - Snacks,5.99
664,Ramen Noodle Soup Cups,Food - Prepared Meals,1.29
665,Ceramic Cookware Set,Kitchen,179.99
666,Cranberry Lime Sparkling Water,Food - Beverages,1.5
667,Dark Chocolate Raisins,Food - Snacks,3.49
668,Legging Pants,Clothing - Activewear,34.99
669,Tennis Racket,Fitness,89.99
670,Handmade Soap Making Kit,Crafts,34.99
671,Honey Sesame Chicken Mix,Food - Frozen Meals,8.99
,Set of Measuring Spoons,Kitchen,12.99
673,,Food - Condiments,3.59
674,Beef Enchilada Casserole,Food - Prepared Meals,8.99
675,Samoas Cookie Mix,Food - Baking,5.59
,Fitness Tracker Band,Fitness,29.99
677,Peanut Butter Filled Pretzels,Food - Snacks,3.99
678,Caramelized Onion Dip,Food - Dairy,3.99
679,Italian Breadsticks,Food - Bakery,2.49
680,Couscous Mix,Food - Grains,2.49
681,Sports Windbreaker,Clothing - Outerwear,44.99
682,Mini Pretzels,Food - Snacks,2.99
683,Cheddar Cheese Crackers,Food - Snacks,2.29
684,Cinnamon Apple Sauce,Food - Canned Goods,2.49
685,Basic V-Neck T-Shirt,Clothing - Tops,19.99
686,Portable Water Filter,Outdoor,29.99
687,Caramel Apple Taffy,Food - Confectionery,1.99
688,Thai Green Curry Paste,Food - Sauces,2.49
689,Weighted Jump Rope with Counter,Fitness,14.99
690,Dark Chocolate Covered Raisins,Food - Snacks,3.99
691,Garden Tool Set,Garden,34.99
692,Snap-On Tupperware Set,Kitchen,34.99
693,Waterproof Rain Boots,Clothing - Footwear,69.99
694,Classic Cheeseburger Mix,Food - Meats,5.49
695,Habanero Hot Sauce,Food - Condiments,3.79
696,Balsamic Vinegar,Food - Condiments,4.99
697,Frozen Broccoli,Food - Frozen,2.49
698,Home Cleaning Robot,Home Appliances,
699,Pasta Maker,Kitchen,39
700,Vintage Button-Down Shirt,Clothing - Shirts,45.99
701,Wireless HDMI Transmitter,Electronics,79.99
702,Wrist Support Brace,Health,19.99
703,Garlic Breadsticks,Food - Sides,3.49
704,Portable UV Sterilizer,Health,19.99
705,Portable Ice Maker,Kitchen,199.99
706,Vegetarian Stuffed Peppers,Food - Prepared Foods,4.99
707,Samoas Cookie Mix,Food - Baking,5.59
708,Beef Sirloin Steak,Food - Meat,15.99
709,,Food - Bakery,3.49
710,Popcorn Chicken,Food - Frozen,6.49
711,Silicone Baking Cups,Kitchen,10.99
712,Camping Tent,Outdoor,79.99
713,Freestanding Wine Rack,Home,79.99
714,Car Seat Organizer,Automotive,14.99
715,Stuffed Bell Peppers,Food - Frozen Meals,5.99
716,Spicy Tuna Sushi Kit,Food - Prepared Meals,8.99
717,,Office,49.99
718,Magnetic Spice Containers,Kitchen,24.99
719,Digital Food Scale,Kitchen,
720,Collapsible Colander,Kitchen,14.99
721,Spinach Pizza Rolls,Food - Frozen Foods,4.99
722,Travel Orthopedic Pillow,Travel,24.99
723,Roasted Red Pepper Dip,Food - Snacks,3.29
724,Yoga Strap,Fitness,12.99
725,Wireless Music Receiver,Audio,19.99
726,Carrot and Celery Sticks,Food - Produce,2.99
727,,Automotive,24.99
728,Mini Fondue Set,Kitchen,34.99
729,Tomato Basil Pasta Sauce,Food - Sauces,3.99
730,Stainless Steel Water Pitcher,Kitchen,39.99
731,Electric Food Steamer,Kitchen,59.99
732,Quinoa and Kale Salad Kit,Food - Salads,5.29
733,Outdoor Portable Fire Pit,Outdoor,149.99
734,Fitness Resistance Bands,Fitness,29.99
735,Honey Mustard Chicken Breasts,Food - Meat,8.99
736,Multicolored LED Strip Lights,Home,29.99
737,Tandoori Chicken Marinade,Food - Condiments,
738,Tandoori Chicken Marinade,Food - Condiments,2.49
739,Juice Extractor,Kitchen,99.99
740,Fresh Strawberries,Food - Produce,3.99
741,LED Flashlight with Rechargeable Batteries,Outdoor,
742,Memory Foam Mattress Topper,Home,109.99
743,Ceramic Bakeware Set,Kitchen,49.99
744,Spicy Hummus,Food - Deli,3.49
745,,Garden,39.99
746,Taro Chips,Food - Snacks,3.59
747,Granola Cereal,Food - Breakfast,4.49
748,Fresh Basil Pesto,Food - Sauces,4.79
749,Casual Long Cardigan,Clothing - Outerwear,45.99
750,Frozen Fruit Medley,,5.99
751,Basketball,Sports,29.99
752,Recipe Book Stand,Kitchen,22.99
753,Honey Garlic Chicken,Food - Meat,8.49
754,Outdoor Portable Fire Pit,Outdoor,149.99
755,Solar String Lights,Outdoor,29.99
756,Vegetarian Chili,Food - Canned Goods,3.99
757,Pet Grooming Gloves,Pets,9.99
758,Vegetarian Stuffed Peppers,Food - Prepared Foods,4.99
759,LED Disco Ball Light,Home,19.99
760,LED Under Cabinet Lighting,Home,29.99
761,Crew Neck Sweater,Clothing - Sweaters,39.99
,Wireless Smart Plug,Smart Home,19.99
763,Walnut Halves,Food - Nuts,8.49
764,Feta Cheese,Food - Dairy,4.99
765,Travel Makeup Organizer,Beauty,25.99
766,Wall-Mounted Wine Rack,Home,39.99
767,,Food - Condiments,4.29
768,Pesto Genovese,Food - Condiments,6.49
769,Organic Cucumber,Food - Vegetables,
770,Garlic and Herb Rub,Food - Spices,2.29
771,Roasted Garlic,Food - Condiments,4.29
772,Italian Herb Balsamic Marinade,Food - Condiments,3.99
773,Canned Black Beans,Food - Canned Goods,1.29
774,Paint By Numbers Kit,,24.99
775,Blueberry Oatmeal Cups,Food - Breakfast,3.29
776,Outdoor Camping Hammock,Outdoor,29.99
777,Smart Water Bottle,Fitness,39.99
778,Cucumber Lime Sparkling Water,Food - Beverages,1.49
779,Set of Silicone Baking Molds,Kitchen,15.99
780,Printed Maxi Skirt,Clothing - Skirts,39.99
781,Whole Wheat Bread,Food - Bakery,2.49
782,Avocado Lime Dressing,Food - Condiments,4.29
783,Compact Electric Kettle,Kitchen,29.99
784,Mint Chocolate Chip Ice Cream,Food - Frozen Desserts,4.99
785,Denim Jacket,Clothing - Outerwear,69.99
786,LED Strip Lights Kit,Home,29.99
787,Portable Air Compressor,Automotive,44.99
788,Honey Glazed Carrots,Food - Produce,3.49
789,Maple Almond Butter,Food - Nut Butters,5.49
790,Artisan Pickles,Food - Condiments,2.49
791,Bamboo Toothbrush,Health,5.99
792,Oversized Denim Shirt,Clothing - Shirts,49.99
793,,Fitness,59.99
794,Wild Rice Pilaf,Food - Grains,3.79
795,Chocolate Chip Energy Balls,Food - Snacks,3.99
796,Stainless Steel Water Pitcher,Kitchen,39.99
797,Organic Black Rice,Food - Grains,3.59
798,Herb Seasoned Croutons,Food - Salad Toppings,2.99
799,Granola Bars,Food - Snacks,4.99
800,Sun-Dried Tomatoes,Food - Vegetables,3.99
801,Balsamic Fig Dressing,Food - Condiments,3.79
802,,Electronics,199.99
803,Portable Charger with Solar Panel,Electronics,45.99
804,Spicy Beef Taco Mix,Food - Condiments,1.99
805,Gingerbread House Kit,Food - Baking,6.99
806,LED Desk Lamp with USB Charging Port,Office,29.99
807,Kale & Quinoa Salad Mix,Food - Salads,4.49
808,Phone Screen Protector,Accessories,12.99
,Chocolate Almond Milk,Food - Dairy Alternatives,2.79
810,Savory Oats,Food - Breakfast,2.49
811,Wooden Toy Train Set,Toys,29.99
812,Honey Roasted Almonds,Food - Snacks,4.99
813,Coconut Granola,Food - Snacks,4.19
814,Foam Roller for Muscle Recovery,Fitness,29.99
815,Vegetable Stir-Fry Sauce,Food - Sauces,3.49
816,Outdoor Fire Pit,Outdoor,149.99
817,Maple Almond Yogurt,Food - Dairy,1.89
818,Cauliflower Crust Pizza,Food - Freezer,7.99
819,,Food - Bakery,3.99
820,Honey BBQ Riblets,Food - Meat,12.99
,Egg Noodles,Food - Grains,2.29
822,Maple Almond Yogurt,Food - Dairy,1.89
823,Blueberry Chia Jam,Food - Spreads,4.99
824,Smart Wi-Fi Camera,Smart Home,89.99
825,Chipotle Lime Salsa,Food - Condiments,3.99
826,Chocolate Covered Pretzels,Food - Snacks,3.29
827,Raisin Cinnamon Granola,Food - Cereals,3.79
828,Scent Diffuser Oil,Home,14.99
829,Ground Cinnamon,Food - Spices,1.99
830,Sweet Corn Fritters,Food - Frozen,4.49
831,Laptop Stand,Accessories,
832,Comfortable Jogger Pants,Clothing - Bottoms,29.99
833,Chic Jumpsuit,Clothing - Jumpsuits,89.99
834,Hummus Variety Pack,Food - Dairy,5.99
835,Cranberry Almond Biscotti,Food - Bakery,4.19
836,Chia Seed Pudding Mix,Food - Breakfast,4.19
837,Memory Card,Storage,15.99
838,Caramel Apple Chips,Food - Snacks,3.49
839,Herbal Tea Sampler Box,Food,29.99
840,Pet Hair Remover,Pets,9.99
841,Dual Function Electric Skillet,Kitchen,59.99
842,Teriyaki Beef Jerky,Food - Snacks,5.49
843,Pet First Aid Kit,Pets,29.99
844,Reusable Silicone Food Storage Bags,Kitchen,19.99
845,Graphic Sweatshirt,Clothing - Tops,34.99
846,Fresh Strawberries,Food - Produce,3.99
847,Stylish Combat Boots,Clothing - Shoes,99.99
848,Eco-Friendly Disposable Plates,Kitchen,22.99
849,Portable Hammock,Outdoor,
850,Pet Tracking Collar,Pets,59.99
851,Peanut Butter Pretzel Nuggets,Food - Snacks,3.29
852,Smart Plug,Smart Home,19.99
853,Mashed Sweet Potatoes,Food - Sides,3.99
854,Chili Lime Shrimp,Food - Seafood,
855,Grass Fed Beef Patties,Food - Meat,9.99
856,Tattoo Kit,Art Supplies,99.99
857,Sliced Cucumbers,Food - Produce,1.29
858,Instant Mashed Potatoes,Food - Sides,1.79
859,Biodegradable Trash Bags,Home,12.99
860,Throw Pillow Covers,Home,22.99
861,Dish Rack,Kitchen,24.99
862,Pumpkin Pie Spice,Food - Baking,2.99
863,Cinnamon Roll Dough,Food - Bakery,4.49
864,Almond Flour Pizza Crust,Food - Frozen Foods,7.99
865,Tahini,Food - Condiments,5.49
866,Greek Yogurt,Food - Dairy,1.99
867,Sweet Potato Chips,Food - Snacks,2.99
868,Cranberry Orange Juice,Food - Beverages,2.49
869,Shoe Organizer,Home,39.99
870,Snack Container Set,Kitchen,19.99
871,Portable Charger with Solar Panel,Electronics,45.99
872,Vegetable Lentil Soup,Food - Canned Goods,3.49
873,Classic Pumps,Clothing - Footwear,64.99
874,,Kitchen,34.99
875,Watercolor Paint Set,Art Supplies,19.99
876,Self-Inflating Camping Mattress,Outdoor,49.99
877,,Home,29.99
878,Classic Pesto Sauce,Food - Sauces,4.29
879,Electric Stool Heater,Home,29.99
880,Wall Planner,Office,19.99
881,Vegan Alfredo Sauce,Food - Sauces,4.99
882,Field Journal,Books,14.99
883,Travel Organizer,Travel,22.99
884,Vegetarian Stir Fry Sauce,Food - Condiments,2.49
885,BBQ Lentil Chips,Food - Snacks,3.49
886,Wireless Charger,Accessories,24.99
887,Sliced Avocado,Food - Produce,2.79
888,Noise Reduction Headphones,Audio,39.99
889,Spicy Hummus,Food - Deli,3.49
890,Portable Charger with Solar Panel,Electronics,45.99
891,Vegetable Broth,Food - Canned Goods,2.29
892,Microfiber Cleaning Cloth Set,Home,9.99
893,Vegetable Spring Rolls,Food - Frozen Foods,6.49
894,Thermostatic Shower Valve Kit,Bathroom,39.99
895,Wall Calendar,Home,17.99
896,Sturdy Bookends,Office,22.99
897,Teriyaki Sauce,Food - Condiments,2.99
898,Herb Drying Rack,Garden,22.99
899,Children's Musical Instrument Set,Toys,39.99
900,Cork Yoga Mat,Fitness,39.99
901,Ultra-Thin Laptop Sleeve,Accessories,19.99
902,Fashionable Fanny Pack,Clothing - Accessories,24.99
903,Teriyaki Tofu Stir-Fry,Food - Prepared Meals,7.49
904,Chic Jumpsuit,Clothing - Jumpsuits,89.99
905,,Health,49.99
906,Home Office Chair,Furniture,199.99
907,Veggie Lovers Pizza,Food - Frozen Foods,8.99
908,Multi-Cooker,Kitchen,89.99
909,Chic Jumpsuit,Clothing - Jumpsuits,89.99
910,Smartphone Holder for Car,Automotive,14.99
911,,Food - Supplements,11.99
912,Savory Pumpkin Soup,Food - Soups,3.89
,Ramen Noodle Soup Cups,Food - Prepared Meals,1.29
914,Phone Screen Protector,Accessories,12.99
915,Home Cleaning Robot,Home Appliances,249.99
916,Smoked Salmon,Food - Seafood,14.99
917,Pet Caress Brush,,12.99
918,Grass Fed Beef Patties,Food - Meat,9.99
919,Natural Fruit Snacks,Food - Snacks,3.99
920,Pecan Pie Filling,Food - Baking Goods,3.99
921,Lightweight Rain Jacket,Clothing - Outerwear,79.99
922,Sweet Potato Mash,Food - Frozen Foods,3.99
923,Frozen Acai Bowl,Food - Frozen Foods,6.49
924,Cilantro Lime Rice,Food - Grains,2.99
925,Adjustable Kitchen Broom Stand,Home,14.99
926,Reversible Comforter Set,Home,89.99
927,Mini Waffle Maker,Kitchen,24.99
928,Cold Brew Coffee Concentrate,Food - Beverages,7.99
929,Digital Bullet Journal,Apps,24.99
930,Fettuccine Alfredo Dinner Kit,Food - Prepared Meals,5.49
931,Adjustable Dog Harness,Pets,24.99
932,Portable UV Sterilizer,Health,19.99
933,Antique Style Clock,Home,39.99
934,Cotton Basic Tank,Clothing - Tops,14.99
935,Travel Mug,Kitchen,18.99
936,Electric Knife,Kitchen,39.99
937,Recipe Book Stand,Kitchen,22.99
938,Ski Goggles,Sports,49.99
939,Denim Jacket,Clothing - Outerwear,69.99
940,Wire Shelving Unit,Home,69.99
941,,Food - Sauces,3.29
942,Compact Shoe Rack,Home,34.99
943,Portable Water Filter,Outdoor,29.99
944,Mini Waffle Maker,Kitchen,24.99
945,Stylish Wireless Earbuds,Audio,59.99
946,Cinnamon Sugar Donuts,Food - Bakery,4.99
947,Decorative LED Neon Sign,Home,45.99
948,Outdoor Picnic Blanket,Outdoor,34.99
949,Vintage Button-Down Shirt,Clothing - Shirts,45.99
950,Sriracha Sauce,Food - Condiments,3.19
951,Potato Wedge Seasoning,Food - Condiments,2.49
952,Cinnamon Apple Sauce,Food - Canned Goods,2.49
953,Folding Exercise Bike,Fitness,199.99
954,Walnut Halves,Food - Nuts,8.49
955,Coconut Almond Granola,Food - Breakfast,4.99
956,Dog Collar,Pets,15.99
957,Smart WiFi Plug,Smart Home,19.99
958,Outdoor Inflatable Pool,Outdoor,149.99
959,Portable Hand Warmer,Accessories,24.99
960,Honey Mustard Pretzel Bites,Food - Snacks,3.99
961,Magnetic Curtain Tiebacks,Home,12.99
962,Dog Training Clicker,Pets,5.99
,Classic Cheeseburger Mix,Food - Meats,5.49
964,Oven-Baked Sweet Potato Fries,Food - Frozen Foods,3.99
965,Almond Joy Snack Bars,Food - Snacks,2.99
966,Pet Carrier,Pets,39.99
967,,Outdoor,24.99
968,Banana Nut Oatmeal Cups,Food - Breakfast,2.99
969,Canvas Tote Bag,Clothing - Accessories,19.99
970,Teriyaki Beef Jerky,Food - Snacks,5.49
971,Roasted Garlic Aioli,Food - Condiments,3.79
972,Herbal Tea Variety Pack,Food - Beverages,4.99
973,Caramel Sauce,Food - Condiments,3.49
974,Lentil Soup,Food - Canned Goods,2.49
975,Insulated Cooler,Outdoor,39.99
976,Sushi Roll Kit,Food - Cooking Kits,9.99
977,Gluten-Free Brownies,Food - Baking,4.99
978,Roasted Garlic Pasta Sauce,Food - Sauces,4.99
979,Couscous Mix,Food - Grains,2.49
980,Car Phone Mount,Automotive,15.99
981,Crew Neck Sweater,Clothing - Sweaters,39.99
982,Magnetic Puzzle Board,Toys,24.99
983,Vegetable Stir Fry Mix,Food - Fresh Produce,3.29
984,Insulated Lunch Bag,Kitchen,24.99
,Smart Fitness Scale,Fitness,49.99
986,Smartphone Gimbal,Electronics,89.99
987,Smartphone Projector Kit,Electronics,24.99
988,Digital Photo Frame,Home,79.99
989,Infrared Thermometer Gun,Health,29.99
990,Buffalo Sauce,Food - Condiments,2.99
991,Decorative Wall Tapestry,Home,34.99
992,Roasted Garlic,Food - Condiments,4.29
,Hot Dog Buns,Food - Bakery,2.49
994,Digital Food Scale,Kitchen,22.99
995,Wrist Support Brace,Health,19.99
996,Indian Curry Sauce,Food - Condiments,3.69
997,Buffalo Chicken Wraps,Food - Prepared Meals,5.99
998,Camera Tripod,Photography,49.99
999,Herbal Garden Starter Kit,Garden,24.99
1000,Dog Frisbee Toy,Pets,10.99
